1909;1910;1911;1912;1913;1914;1915;1916;1917;1918;1919;1920;1921;1922;1923;1924;1925;1926;1927;1928;1929;1930;1931;1932;1933;1934;1935;1936;1937;1938;1939;1940;1941;1942;1943;1944;1945;1946;1947;1948;1949;1950;1951;1952;1953;1954;1955;1956;1957;1958;1959;1960;1961;1962;1963;1964;1965;1966;1967;1968;1969;1970;1971;1972;1973;1974;1975;1976;1977;1978;1979;1980;1981;1982;1983;1984;1985;1986;1987;1988;1989;1990;1991;1992;1993;1994;1995;1996;1997;1998;1999;2000;2001;2002;2003;2004;2005;2006;2007;2008;2009;2010;2011;2012;2013;2014;2015;2016;2017;2018;2019;2020;2021;2022;
3034.55;523.45;221.95;9614.85;810.65;587.1;1828.35;806.4;531.7;785.85;687.35;2090.9;1170.3;741.3;486.05;3891.65;296.8;1556.7;769.2;413.15;1492.65;2071.5;1241.45;588.7;1251.35;272;419.85;2322.25;1515.7;456.7;276.15;1180.8;1934.7;1172.2;279.35;335.75;93.75;534.6;1533.1;729.35;529.6;271.2;989.8;474.3;327.95;625.25;1750.55;533.35;305.35;4455.5;1313.8;728.6;588.65;884.75;687.3;1255.15;585.65;6475.85;2019.3;341.3;3580.5;1799.95;4533.7;458.85;1843.2;1969.2;1117.25;1290.35;3040.55;1535.5;628.3;2015.55;2176.2;1276;1083.75;934.35;692.05;284.05;1106.35;1177.7;422.7;668.2;1365.7;4539.4;1765.65;1338.5;1346.2;567.7;1742.8;18583.8;764.7;277.5;2526.4;897.4;6863.7;5781;444;528.5;2460;1208;482;4197;1501.9;599;5263.3;2787.15;9495.75;12117;3083.15;969.35;4000.8;642.85;640.45;310.6;1828.235526
2040.65;625.6;203.65;8820.6;667.95;654.85;1559.25;655.7;328.95;813.85;525.65;4357.35;968.95;598.55;463.4;1776.2;435.2;956.3;507.35;326.5;2073.95;2915.7;1766.45;855.85;710.4;656;548.95;2784.05;1158.5;2903.8;336.45;1274.2;1746;755;194.65;1776.9;143.75;415.05;1463.05;1539.3;325.35;342.55;654.55;387.65;557.05;867;901.3;1584.35;371.55;3192;1066.55;588.05;768.6;617.7;794.25;781.2;582.15;2794.35;1564.2;362.5;5956;1829.95;4669.7;430.75;6228.2;2745.5;1181.85;2299.05;2723.95;1026.6;446.75;1174.05;1601.65;730.5;1372.25;2871.75;515.85;280;1661.4;1067.4;390.6;702.2;938.5;3436.5;2143.95;1596.1;2150.3;537.3;1106.7;16138.1;396.7;279.1;3251.7;633.2;3143.6;2600;481;721.5;1309;881.5;460;6999.8;1569.8;412;5627;2557.7;11383.65;6975.5;4169.9;1224.85;8485.35;734.1;637.35;236.95;1820.456579
1338.05;1203.95;302.6;5087.25;555;872.55;1224.6;498.7;289.65;737.75;558.45;2380.4;1001.7;883.6;544.25;914.15;1480.05;1202.35;347.35;248.1;1449.25;2116.1;2189.3;487.3;462.8;640.4;592.35;1742.1;686.4;3869.95;643.7;3718.65;1356.8;704.4;184.85;2128.85;108.55;1578.45;1958;1275.4;727.05;488.55;1051.25;386.05;1786.05;1959;583.55;2721.15;727.5;1507.1;859.2;582.8;1848.2;741.75;776.25;543.15;391.55;1709.35;1540.6;389;5161.35;1126.95;4267.65;725.8;5825.4;2127.3;2567.75;3799.35;3756.15;860.55;287.4;804.9;1818.4;678.6;1565.3;2992.5;402.15;342.85;3017.35;4622.85;478.3;729.3;488.8;1388.1;2151.1;831.55;3200.6;510;906;8665;449.9;372.5;4994.8;388.5;2547.9;1648;566;1383;1299.5;1193;671;6168.75;1232.2;331;5581.5;2014.9;7520.95;3202;5188.2;834.55;16852.85;1252.5;933.25;603.2;1791.337281
844.1;1478.35;234.05;2413.1;416.15;669;978.55;454.75;468.6;472.85;446.2;1170.5;774.05;690.05;1135.7;571.45;884;2606.1;357.8;811.65;828.9;1532.35;2058.65;354.25;423.05;592.85;766.75;4017.4;420.65;4503.2;641.3;3043.1;1053.6;1046.15;238.7;1936.95;80.4;3617.35;2037.75;1056.9;529.25;547.5;1652.1;393.85;2035.75;2815.4;715.65;2411.8;591;869;1330.2;432.3;1060.45;533.95;1420.15;456.2;267.8;3131.65;1169.8;526.15;1542.85;669.3;5630;641.6;5144.25;2690.45;1966.45;2821.3;4811.45;1713.6;273.05;816.05;2616.75;539.8;1057.75;1807.35;315.95;508.9;1344.65;7331.3;1315.55;1613.15;540.55;783.7;2540.9;536.9;2901.5;2964.2;909.9;6255.2;638.1;688.3;4762.7;524.7;2717.1;1340.5;424.5;820;1264;915;862.5;6030.4;835.5;542.5;2387.85;3099.35;5166.35;1648;3502.5;1828.5;14819.55;950.25;1373;1608.35;1705.009211
621.3;1629.4;408.65;1343.9;669.8;693.4;1861.75;702.65;1402.75;631.35;408.75;1153.9;1421.25;678.7;1186.3;387.2;892.7;2181.65;816.4;2614.2;1772.75;836.9;1720.15;386.55;399.35;815.35;682.85;1809.25;296.05;4546.4;777.25;2769.35;1128.85;1029.25;184.75;909.4;144.35;4250.1;1131;656.7;387.1;384.2;1822.95;454.1;1132.55;1316.5;659;4077.05;642.75;618.45;1445.4;406.8;623.85;419.35;2058.9;491.05;307.6;4142.15;1145.2;449.75;1201.5;656;9164.8;629.45;4499.1;2052.15;1203.35;2545.5;2840.6;5472.15;250.75;838.65;4385.95;603.9;1098.05;1779.05;315.4;774.05;1301.75;6577.2;2103.3;4589.8;456.45;1005.7;3777.55;900.4;1642.8;3897.9;881.7;10275.7;1537.5;398.7;5216.2;1786.8;1989.6;1206.5;1091.5;741;1205;589;1078;7847.25;1362.4;444.5;1501.6;9087.5;3329.5;1764;2053.7;3924.8;10130.1;771.9;3883.8;1474.65;1869.065351
539.25;2031.4;1181.55;935.05;914.55;653.65;3684.85;1701.5;1503.9;522.3;643.05;1250.7;1234.55;2635.55;1102.1;346.6;905;1080.15;877.45;1346.95;1145.35;737;885.15;738.15;799.4;1691;447.8;1047.4;289.9;4375.05;484.85;1904.45;2723.75;964.35;175.05;543.3;318;3486.15;2477.5;1016.9;319.45;301.1;1944.2;458.2;1240;855.6;1023.1;4516.95;1114.05;525.9;2019.25;351.85;512.3;461.7;2597.3;1249.95;388.7;2396.65;691.9;564.25;1863.85;2144;8609.6;522.65;8082.4;2571;1850;2113.75;2504.25;2654.25;239.55;653.95;5004.35;1133.25;1114.9;4044.05;526.25;1051.6;1604.85;4563.95;2949.15;2269.1;1310;833.6;2522.4;1479.35;1321.6;3525.8;4950.3;13154.8;3281.2;367.4;5360.5;1510.5;2466.2;1078;914;500;1182;679.5;739;13048.05;2317.8;1375;979.4;5738.45;2423.55;3146;1956.2;2230.4;5568.6;683.65;4047;432.25;1965.492982
914.6;1696.05;1831.35;1005.4;541.65;553.15;2981.8;1429.85;498.3;901.8;480.95;1225.85;1708.95;1805.9;931.25;416;1162.35;743.8;571.65;589.35;587.1;1511.7;410.95;1446.6;660.2;1809.6;309.85;695.7;374;4808.15;335.6;1624.35;5578.05;1722.9;189.3;433.45;247.95;4999;1737.55;782.8;344.55;295.15;1423.75;345.15;750.95;770.95;1564.2;2511;998.5;1852.5;3902.4;371.5;569.3;610.85;1412.45;905.25;588.4;1506.05;519.85;653.6;3291.7;1491;6172.45;491.1;7875.7;2524.65;1197.05;1205;7243.05;1615.15;428;536.1;5992.15;2777.65;1693.75;7589.75;1801.4;1039.9;1385.85;2124.6;1198.2;4374.75;935.9;1763.35;2193.1;2768.05;1197.3;5010.7;3671.1;13523.6;2020.4;489.5;4061;769.1;4890.7;898.5;372;362.5;836.5;526;586;6842.5;2985.6;717.5;930.1;2645;1855.25;3057;3548.75;1060.65;2240.2;1159.9;2167.4;365.3;1882.899561
1464.6;1035.65;1098.2;915.05;935.4;724.55;3055.05;1193;384.5;888.1;747.85;893.95;2547.9;767.9;549.2;582.65;945.15;541;365.65;542.75;426.95;1387.45;280.5;924.15;401.7;1917.8;345.7;477.75;1097.25;3176.95;361.3;1453.5;6439.25;763.05;267.45;329.7;242.15;2743.6;1394.6;1063.4;264.85;402.9;2149.25;362;584.85;703.15;1956.75;1261.85;669.8;2036.8;2152.1;863.65;781.05;434.9;1108.85;973.6;408;4472.4;642.35;487.2;5463.95;541.3;5458.95;815.75;9679.6;2606.7;750.25;1021.85;5762.75;983.4;487.05;593.5;2829.95;3142.05;5565.75;5617.25;3172.95;633.95;1728.45;991.1;944.8;3432.7;385.5;1608.6;1224.95;6712.65;1282.1;3295.4;4796.7;8396.3;1483.8;358.7;2923.6;733.4;3448.9;724;283.5;449.5;1257;672;825;9663.05;2661.4;990.5;1597.15;2718.4;2094.2;2960;5591;863.7;1678.6;1168.2;1558.55;266.25;1800.747368
1741;3196.05;699.8;2042.95;1889;802.55;3899;721.2;457.3;2159.45;768.65;1022.3;2340.2;485.1;515.45;425.85;991.45;591.65;353.35;1630;1422.3;795.45;257.5;715;696.75;2547.9;416.35;448.55;2780.6;1318.2;1047.1;1059.8;6181.65;860.05;301.25;507.05;330.65;1582.55;1017.3;2846.35;559.95;480.5;3613.25;399.4;598.15;2721.55;1214.8;817.8;503.4;1798.15;2041.7;821.95;736.85;592.2;966.9;1760;317.05;6367.3;936.65;374.6;3451.85;565.6;3034.75;1676.75;5965.6;1836.85;1068;1139.7;7474.85;548.2;941.5;657.15;2324.65;2247.9;8694.25;9712.55;1496.9;699.3;1703.05;1112.2;1632.9;2135.95;369.8;2540;1206.25;6626.95;2629.1;2536.6;4272.3;5373.6;904.7;442.2;3801.5;723.4;7139;660.5;349.5;697.5;4516.5;1070;1623.5;5505.2;2557.7;1945.5;3542.95;3415.85;2999.45;2163;3314.45;855.4;2608.5;690.9;739.25;1426.65;1937.324123
1233.1;4463.45;481.9;1231.15;2785.85;1283.05;3784.65;695.8;666.65;1500.55;980.75;946.65;1359.15;517.8;490.85;303.25;525.15;555.25;347.4;2272.7;2983.75;915.45;327.4;1906.6;1165.7;1500.35;1316.8;338.6;3423.45;2173.15;1737.2;631.6;3412.6;656.3;264.45;1284.1;326.2;1385.25;927.7;2211.4;651.7;615.85;2005.75;340.2;535.2;3780.2;684.55;511.85;430.25;1118.95;1480.75;1264.1;1157.65;482.65;1868.5;2479.85;323.8;7044.95;2288;317.95;1953.25;527.05;2020.15;1190.6;3669.75;1772.6;1457.95;3378.75;5780.6;512.85;994.65;1474.05;1386.5;1299.35;9618.25;5621.85;936.55;1335.05;822.85;760.55;1164.9;3303.35;287.55;4856;1319.95;3506.85;5028.2;2211;2367.2;10086;776.8;909.9;2313.2;1596.2;6343.2;515.5;324;616;8109.5;1107.5;2104.5;2375.9;2038.4;2481.5;2492.25;2006.2;2900.8;2103.5;3057.15;850.9;2005.35;520.55;607.95;1993.45;1890.265351
1014.1;2653.95;313.95;647.2;3543.95;1148.3;3371;498.25;578.75;1350.55;1054.15;746.9;1013.95;841.1;535.5;278.7;440.55;596;624.2;1123.6;3026.45;2104.05;275.25;2383.15;1558.75;3844.85;1401.1;318.05;6686.95;2103.3;2045.75;688;993.95;666.9;248;870.05;233.25;911.05;658.7;1272.55;3164.5;897.5;1502.65;331.95;497.9;3263.35;542.55;806.55;459.1;900.25;1047.8;904.3;1364;516.8;2081.35;5235.4;354.85;5436.2;2227.6;345.6;1682.85;1176.7;2123.75;711;2176.6;1964.95;3390.2;4092.75;4166.15;1960.5;766.65;2027.45;1299.7;771.5;7685.1;2822.8;793.65;4385.55;613.05;717.05;833;7654.4;260.2;3183.9;4220.3;2041.5;3345.9;1707.7;1487.1;6389.8;628.9;864.9;1403.8;3548.4;6574.3;426.5;515;710;6071.5;779.5;994.5;1339.25;971;1532.5;3029;3420.15;1621.6;2934.5;4740.65;789.4;2585.05;485.05;508.6;1347.2;1849.280263
707;1139.3;260.85;487.7;4710.1;4262.45;3741.05;495;414.75;1091.45;734.85;2150.6;927.55;1544.05;419.55;984.3;484.2;552.05;879.25;806.3;1418.05;1904.35;421.9;1475.45;942.2;4032.2;1396.95;2032;2769.45;2452.55;1346.6;787.15;1695.45;860.15;298.5;873.8;213.15;721.25;645.4;1272.25;1989.75;536.3;1239.5;657.2;704.05;1411.8;637.75;2316.5;430.3;2188;2867.75;622.4;5157.45;3056.35;3230.45;2697.65;271.1;5680.65;948.85;1144.4;1255.5;2398.45;3939.45;955.9;1444.35;1359.45;3115.1;3467.8;1800.95;4056;531.45;1484;857.8;641.9;7720;919.4;2357.25;5953.1;966.1;659.55;586.5;6379;531.5;1708.2;1878.95;2473;1732.9;1113.9;927.7;8985.7;659.1;643.6;3874.9;5729.5;5529.4;441.5;391;533.5;4205.5;475.5;681;2543.55;1368.6;714;5700.4;4877.05;1153.3;1925.5;4296.75;1286.2;3764.7;420.5;727.7;764.95;1903.928947
498.1;712.15;496.8;1011.95;6596.25;8433.3;7126.05;331.9;388.35;2383.55;544.05;1721.1;1928.2;4106.5;490.25;2237.75;609.55;354.9;721.35;1847.8;884.6;1840.9;450.05;1215.8;508.05;3059.8;994.6;4339.05;2087.7;7701.95;1883.7;2130.2;3280.55;2131.95;578.05;957.15;213.15;647.9;558.65;1260.4;2475.4;335.45;1123.4;2339.9;594.7;956.75;736.7;2139.15;503.25;1128.9;4370.45;522.5;4961.05;3039.35;4350.7;2170.2;335.15;7038;734.75;1347.6;1476.85;2242.9;2795.75;1486.25;1268.45;1352.05;2545.5;2215.6;3085.3;2333.3;502.95;1825.7;736.1;568.25;3982.4;2902.15;5743.2;2785.85;4381.15;1119.75;626.95;5047.9;387.1;2091.2;1291;1777.75;1292.5;1551.3;696.5;6569.6;1160.4;2570.2;5829.1;6989.1;3592.3;320;444.5;810;8626;394;544.5;2285.85;1272;547;4544.15;3725.9;968.05;4053;2495.6;2095.55;3546.1;266.85;1271.9;2409.85;2174.653947
397.55;2538.65;407.2;1386.95;4764.1;4695.35;8139.8;501.45;770.6;3565;405.85;1700.7;4837.5;5271.8;279.1;2807.4;847.35;250;552.05;1843.3;547.4;1053.2;372.2;1483.25;317.15;2780.9;509.75;4187.6;1132.7;5754.1;1025.95;4637.8;1537.75;3935.45;508.8;533.6;200.7;1419.85;1120.75;1824.4;4230.85;969.35;827.95;3075;596.55;664.7;2362.25;2049.85;368.45;815.2;6874.65;545.85;2568.35;2644.55;4377.85;1875.15;299.95;7900.55;807.3;872.8;3150.6;1679.15;1974.35;1055.2;3292.15;906.05;2468.05;1529.7;3080.55;793.85;318.3;1409.45;491.3;792.55;4508.6;3189.95;6647.1;7780.95;4650.55;1062.35;1191.55;6219;301.6;4915.3;1116.05;1712.75;1508.8;6205.3;434.3;5425.7;2297.7;4451.7;3950.5;5670;3299.5;354.5;869;902;5893;378.5;530;1523.7;3953;765;2503.85;5536.75;1066.15;7843;1251.95;2813.75;1922.85;353.45;1160.45;2477.55;2343.430702
358.85;5419.6;1193.4;2582.75;6055.2;4010.35;9008.25;264;466.45;3086.75;472.6;1175.8;5778.8;4025.8;596.1;2902.15;2191.85;385.6;1065.5;2985.15;405.4;679.7;362.3;5578.4;291.1;2900.85;358.15;2309.55;676;3894.9;855.4;8470.7;6945.5;1812.35;355.2;365.7;154.6;756.05;992.65;5589.65;2511.7;1299.45;1026.8;1648.7;516.45;1656.3;4689;5633.4;454.25;2401.65;23424.75;732.4;2548.45;2239.55;2235.45;4564.6;491.2;5647.6;927.95;658.15;2229.95;878.85;1181.75;1999.7;3169.85;597.55;1231;1840.95;3879.4;567.25;535.1;2576.3;527.45;413.1;5237.15;1667.85;6855.55;15004.1;4784.25;543.65;3432.1;8190.6;910.9;5330.6;1661.6;1364.25;1003.6;7602.8;357.3;9307.1;2656.1;1962.5;3971.8;5906.8;2553.8;486;7371;655;3929.5;385;369.5;844.6;2313.5;940;4511.6;7589.2;1171.55;8345.5;4477.7;2050.55;1707.45;360;4320.3;4130.35;2903.314035
409.75;6795.6;3462.55;1971.4;6231.55;8688;9049.3;281.6;392.9;2034.65;2302;1309.15;3172.4;1796.9;4284;1972.5;5762.05;466.7;1010.6;2850.3;342.1;509.8;339.8;10247.15;484.55;1584.7;616.4;1753.9;932.95;2557.6;5242.8;8775.2;11225.45;1748.55;256.6;572.75;112.4;463.4;1186.7;8516.05;1219.35;1031.75;798.8;794.85;911.6;1705.75;5254.75;5862.2;473.3;2452.2;27093.05;604.25;3889.15;1340;1126.85;4149.55;2075.55;7952.35;615.2;535.1;1309;670.95;1950.75;1511.65;4718.2;567.05;1043.25;2655.1;5268.15;350.2;2229.15;4137.05;422.1;333.2;3295.75;2186.6;7341.65;11751.35;12569.55;1081.1;2315.4;10793.05;5412.1;8314.1;2964.75;949.95;632.8;5307.3;442.6;16137.4;3748.8;2199.2;3751.7;10121.1;1636.7;720.5;5450;830;4022;1751.5;309;1142.8;2151.2;790.5;5422.65;4056.3;1220.85;19693;8067.55;1171.95;1443.9;380.3;1390.55;3673.4;3468.465351
661.5;4248.35;4132.55;1515.75;5614.05;7242.2;10143.75;263.15;341.85;2433.05;3309.4;1267.3;1194.6;4159.7;5020.95;1043.8;4705.1;542.25;551.95;8060.1;312;1227.45;474.2;10267.9;520.65;1710.1;419.4;1343.9;1345.6;6813.2;2537.5;8776.55;16850.9;5579.05;169.25;355.65;251.85;414.3;1048.4;6598.6;997.4;4933.9;567.6;441.05;1505.2;2284.5;9251.95;2441.6;505.35;1118.55;13955.5;395.5;4591.5;828;766.5;5299.2;1550.3;6114.2;487.8;611.05;1065.25;527.1;3821.5;1823.4;7470.6;821.85;2992.75;2215.35;3290.95;367.15;997.4;4153.15;770.35;438.4;9100.05;4246.6;3260.1;9185.8;10806.3;4480.05;1167.15;13274.3;7197.3;8392.5;1557.9;2085.45;1391.9;6606;614.1;16294.5;2174.6;2379.7;3772.7;15989.4;6662.3;1394;2205.5;769;5684.5;1233.5;337;2918.8;3896.9;613;3575.75;2344.05;1802.25;15172.5;6164.45;2078.25;1546.3;764.6;700.15;5210.1;3613.324123
574.25;3974.25;4620;6090.4;4415.9;6048.75;10349.25;265.4;282.6;4072.8;4328.65;950.55;945;5331.35;3497.2;562.85;3576.2;423.05;468.75;5838.5;252.3;5741.1;2324.5;10362.7;313.8;2887.85;239.6;2837.1;1017;6870.4;1189.55;9074.6;18030.7;7454.4;357.55;302.6;158.1;540;2455;5712.6;836.2;2163.55;643;328.65;1710.95;3995.35;8673.35;1142.55;1378.9;837.4;12253.15;363.5;2840.4;574.25;1212.35;5139.6;1599.25;5310.3;418.7;1488;3031.4;857.2;2910.45;1298.9;9304.4;856.1;2250.6;1397.85;3273.55;312.1;485.2;3282.2;2107.35;369.95;9579.75;5070.95;3184.65;3756.25;5642.3;4332.85;1190.05;10604.35;5393.85;10516.4;2217.05;4815.75;2451.2;2887.7;662.5;13267.6;1264;6028.9;9653.2;11912.1;9466.4;1711;2134.5;597;9428;1424;243.5;6656.5;3078.9;439;3040.95;6349.8;1644.15;9459.5;7063.65;2786.6;4009.25;530.15;815.65;6165.15;3691.744298
474.05;2950.25;4406.55;8789.4;3852.75;3525.55;13823.15;223.95;283.25;2959.85;1937.15;814.7;1054.25;5526.05;2577.3;370.7;8779.55;399.2;409.2;3456;455.05;11754.4;3696.9;6433.55;304.5;4051.95;149.2;8301.95;2847.9;8689.3;708.95;6182.65;19385.2;5816.85;1176.7;1831.8;531.8;1546.2;3264.35;7165.15;1114.65;1117.3;572.45;315.2;1355.45;2342.2;7928.65;1957.2;855.85;1005.05;8705.95;305.9;1477.1;520.5;915.05;3741.55;2290.55;3037.9;353.4;916.35;2715.6;2595.25;4040.8;1023.8;8899.7;577;4990.05;1563;3810;281.65;4057.85;3633.35;3208.05;694.7;13667.05;4697.95;6213.35;2058.4;4255.45;4689.95;3110.25;8351.65;2467.85;7126.6;10594;4729.85;1933.6;1297.6;472.6;9100.9;1372.2;7479.2;8927.5;5880.5;7290.9;1227;5904.5;417;11817.5;1650;316.5;3350.75;1737.9;557;5005.9;4481.35;1902.9;4758.5;4865.85;5038;4221.15;570.65;842.3;7284.35;3732.392105
358.5;1482.1;4686.55;12050.7;2784.25;5348.05;10759.5;225.4;204.1;4916.65;1453.55;909.45;2186;6706.8;2784;325.25;9337.6;714.5;576.55;4468.5;795.65;8503.05;1893.1;4469.85;345.65;1979.65;199.8;13153.4;2596;3540.2;2872.85;4529.1;16223;7960.1;361.3;1026.2;345;2255.55;9426.35;4094.85;903.4;961.65;737.4;1620.75;1046.4;1390.3;7167.05;3711.6;540;1635.75;7083.2;204.1;2376.9;702.7;1710.1;1838.55;2589.85;1740.6;555;663.8;2259.4;6008.6;3576.25;925.8;3938.7;2461.7;6031.9;1203.9;2182.05;831.55;4361.15;3683.15;5539.15;4221.85;12288.8;7303.25;6941.85;6136.35;6663.3;3123.15;2066.1;3830.5;885.9;8475.8;10564.6;3340.85;2415.8;740.9;1026;6415.6;853.6;9786.5;5283.6;5847.4;7262.4;1597;14747;339.5;5290;1057.5;339;2991.55;2147.8;465.5;3297.05;2541.2;1310.8;3942;8204.9;3273.55;7169.3;1030.75;721.3;4613.55;3698.108772
293.25;1910.05;7637.25;10817.1;1698.4;5413.85;7971.05;510.9;224.3;6902.1;3833.7;1045.1;2053.3;4311.85;4795.4;2920.2;12433.4;2942.25;525;4137.9;746.2;5423.25;3944.85;5210.3;385.6;1475.6;160.4;12169.8;1807.6;2422.95;6565.2;5588.1;7587.25;9685.6;346.85;810.65;239.85;3418.1;4229.3;4499.55;855.65;2346.6;860.5;5261.6;722.95;2867.05;7542;1781.2;726.75;1371;7094;177;6016.65;3469.6;1231.8;1595.65;2356.1;1062.9;1716.45;839.8;3556.3;3864.1;3275.3;1934.6;5004.55;6765.15;2422.75;1349;1828.45;803.45;3654.85;3209.55;4929.85;3343.7;11056.85;6769.7;5909.35;13313.9;8763.8;2444.05;991.3;2450.5;1745.2;6877.3;7405.8;3005.35;1005.4;548.3;2543.9;10203.5;654;6362.9;4242.3;6326.4;12679.5;1853.5;9867;313;5979;861.5;639.5;5876.85;4030.2;772;2518.4;4596.45;1468.25;3529.5;10490.65;1887.45;7293.45;3158.1;1560.05;2702.65;3856.377193
889.2;2077.6;4244.95;10877;1719.5;4235.05;8233.8;4142.5;182.65;6617.15;4328.6;2078.5;1179.8;5184;5037;2929.5;11197.65;3428.5;542.75;5874;602.6;4762.95;5179.5;8348.2;586.7;1465.75;246.6;11113.45;1047.55;5184.45;5892.7;8850.45;6396.05;7781.05;2993.45;699.75;165.95;2798.7;4093.5;3069;752.3;5954.7;706;5595.5;4963.85;3881.3;6598.4;1251.8;1763.75;1623.8;6110.75;569.8;3956.95;1756.4;691.3;1456.5;1135.05;1197.1;6478.65;1017.4;3608.6;3275.35;2691.85;2624.55;6066.6;6819.3;2335.75;3028.65;1799.95;553.8;1874.55;2651.05;2191.25;1701.55;9390.7;13703.15;7247.85;10909.8;5921;2974.4;696.95;2594;3792.3;6888.5;3280.65;4573.3;646.9;452.7;2326.8;7611.9;2292.7;3686.7;6578.8;7219.7;7240.3;2129;7883.5;1207.5;4943;1697.5;534.5;5333.85;2727.5;494.5;2208.45;5336.95;3570.65;4148.5;12641.85;2175;5902.4;2072.3;1895.85;4443.1;3915.238158
2018.45;1235.7;1360.95;7939.3;1792.45;6924.1;8095;6294.85;203.8;6699;6297.1;4405.75;1504.25;3864.95;3877.05;3732.85;7205.05;5111.9;870.95;7406.3;658.3;5106.6;4486.7;9260.1;683.5;3273.05;530.75;10389.15;617.9;3526;2203.6;5807.75;4625.15;6799.15;4458.9;744.35;104.85;2150.9;2277.95;3097.7;715.2;6452.65;1394.4;6941.2;2496.65;7716.1;3956.15;1185.8;1751.6;1933.9;4467.8;555.2;2274;1181;696.4;2283.1;1640.75;877.55;6235.65;897.1;2603.75;3985.2;1917.15;3547.7;7947.8;3336.5;3949.45;5553.25;1647.8;321.05;1207.6;2424.9;1879.8;2673.1;5803.85;12477.5;4840.95;8816.7;6090.3;1280.7;573.2;9275.3;2585.5;10528.3;5109.2;5696.55;517.7;583.7;1870.2;4792.2;3095.9;3689.8;12072.3;6614.7;5796.6;1407.5;9578;2539;1875.5;2523.5;1344;2640.9;1575.1;290.5;2047.65;5147.75;2095.05;2724.5;15216.8;3237.8;6267.45;2786.65;4828.8;6654.15;3887.553509
2001.65;1877;1008.3;4912.4;1698.3;6071.35;5911.65;7957.35;250.45;5980.9;4422.6;4252.5;1488.9;3793.65;6922.65;3453.55;2114.6;5358.35;4129.8;8310.25;3033;4937.45;5337.5;5273.7;714;4895.15;751.75;14169.35;461.7;2201.25;1473.4;5609.8;4917.2;4843.25;3872.35;519.4;129.3;1306.6;4745.15;3824;1735.6;5552.55;1154.5;5209.45;1054.9;7654.8;5367.3;1291.9;3469.25;2040.2;3179.1;1043.8;4895.55;890.35;2481.25;1526;2322.7;2368.25;2923.15;1413.95;5145.2;4880.2;4650.15;9555.85;7715.5;4523.15;3070.45;3588.45;1295.5;566;1393.15;6116.45;2249.8;5889.6;3423.75;10283.45;2477.5;4952.35;4260.25;1303.05;1114.25;14703.15;2635.5;19455.9;6581.4;5178.2;2185.3;645;2250.7;9842.1;3074.1;8915.6;7327.1;6955.2;3652.6;1056;9542.5;1687.5;1971.5;2953;648;2747.55;1761.9;815.5;2189.55;5286.5;2617.85;1628;15577.95;2302.3;4546.85;4734.55;2894.65;4998.05;4072.99693
1854.05;1750.25;2994.7;6860.9;2009.5;6855.9;5281.3;9277.9;324.25;6091.6;2835.15;3913.8;1439.5;6804.7;10178.8;3373.4;1245.35;4928.15;3968.05;7193.25;2218.65;4423.85;4683.95;4689.85;1263.75;5363.35;1591.6;12479.05;721.55;2215.85;1690.65;7858.4;5800.45;5550.35;3149.55;432.55;176.5;2357.65;6869.25;4541.4;5438.9;7122.9;2717.05;3133.4;2162.1;13092.65;6452.75;1302.8;2435.45;3200.9;3478.55;1504.55;4594.65;714.7;2944.6;967.05;2004.35;5259.5;10306.55;1697.75;6942.15;9045.75;2522.55;13609.35;7253.8;4277.8;2252.65;1909.1;1882;2378.4;650;5316.45;1985.05;8981.9;5860;9075.2;2834.4;4215.5;3113.4;1865.05;792.1;9667.8;5164.25;12782;5462.35;5975.75;2829.8;875.6;4056.2;9063.4;2920;4908.3;4760.3;7361.6;4543.3;1401;10289;1782;3329;2526;589;3139.55;4405.6;2460.5;1169.6;3653.05;4547.45;1316;10974.75;1957.35;11187.9;4276.15;3093.1;3510.4;4390.618421
1498;4688.05;4519.95;4807.6;1715.9;8049.95;5226.5;4529.15;312.75;3387.45;6006.3;6959.4;3217.75;8947.9;10691.8;4626;2145.35;2958;2392.15;8501;2791.7;4747.4;4778.55;5447.35;1389.6;5404.35;1968.1;6457.5;1545.15;5305.2;4589.75;6858.9;7966.1;7983.35;3585.15;1570.05;176.5;4379.45;5003.95;4397.55;6005.1;12323.35;3619.05;3296.75;8197.25;10645.3;5121.7;1249.4;1921.95;2369.8;7092.15;2787.05;4437.1;730.3;1095.35;1117.55;1201.9;5364.75;10243.05;1549.75;4018.85;8216.7;4445.15;8942.5;7034.7;5020.45;3220.2;1426.2;5281;4820.05;697.1;4747.05;2786.45;5896.95;5228;10654.7;6586.35;6641.55;2662.55;2991.15;1114.55;4407.95;5991.6;8214.1;3292.95;7360.6;2288.5;1977.9;5329.1;5610.1;8765.1;5103.9;3056.7;4541.2;3758.9;2304.5;10821.5;4159.5;3301;2157.5;1365;3425.8;6759.8;1796;1975.3;7465.4;4034.85;5707.5;4774.5;1384.9;3349.25;3412.4;6095.1;6483.5;4603.502632
1663.05;4629.85;3562.55;3463.55;1071.2;8012.05;4814.5;4435.35;286.4;3500;8338.25;9103.55;5880.55;10963.7;5071.8;4159.15;1355.7;4652.1;3044.65;8416.5;3835.75;4218.1;4357.75;6642.85;1231.3;3890.25;1832.8;5773.5;2123.05;6776.9;8907.8;3957.8;4950.05;6976.9;3223.95;2912.6;278.5;3520.25;4323.9;7236.5;4580.3;9359.35;1978.9;4755.3;6467.85;7306.8;2861.45;1287.3;2729.95;3097.95;7644.7;3938.3;4270.45;1890.25;835.65;675.15;2077.85;4278.9;6867.25;1309;2106.85;5823.7;6804.85;6116.15;10125.7;3210.55;3015.7;1219.95;5480.2;4676.45;2674.95;5198.65;2396.2;8350.2;9139.65;11222.1;9455.6;6141.65;5327.85;3589.3;2629.15;3356.05;7034;4280;3020.8;5725.6;4156.4;2961.3;3004;6305.5;8820.2;6848.4;3304.4;5766.2;1891.9;3398;4720;1706.5;1974.5;3922;1583.5;2877.65;5062;2634.5;3397.15;19202.2;4387.85;7309.5;3663.7;3420.2;2234.45;4478.3;4822.7;5995.15;4645.417544
4299.25;1980.65;2210;4659.55;1546.25;6839.45;3694.2;7301.2;384.55;4117.5;5239.55;6483.15;6866.85;7333.85;4399.2;2871.55;1209.5;4467.15;3083.45;6957.65;3574.2;3555.35;5366.25;7530.35;1801.05;3070.45;2385.55;7533.3;2581.45;4992.3;8758.45;5595.05;2545.5;6201.85;3897;1437.35;303.45;3084.7;4015.6;7371.2;4297.6;5671.45;1098.2;3496.35;3278.85;9948.85;4463.95;2032.5;2158.1;1817.15;5166.05;3723.65;3966.7;1422.6;1234.55;584.15;3571;2807.45;6062;4915.8;2646.65;5874.3;7521;7281.9;14070.85;2214.55;2439.1;1085.2;7362.3;3889.8;3343.5;6802.75;1430.6;5632;10860.15;13045.2;5909.1;2647.9;8656.85;2752.9;3964.75;2986.5;3523.7;6872.7;7215.55;8020.45;4594.9;3236.7;2143.4;4068.7;9260.8;10686.1;3265.1;5454.2;2035.8;2642.5;2230;1222;2604.5;2535.5;1960.5;2491;3152;2736;5332.15;10925.1;4955.05;5673;3547.25;4104.05;2455.8;5779.1;3652;4772.35;4463.400439
4215.8;1200.2;1307.85;5877.55;2495.9;10020.8;2520;5420.15;408.45;3026.2;6530.8;4211.15;3756.3;3487.65;4079.55;2307.85;1094.75;6470.65;1289.15;5757.9;3738.25;2215.95;3863.9;6265.35;972;1895.9;4593.15;5081.95;3988.25;3270.8;3202.45;9678.45;3045.8;3369.2;2656.55;1154.55;869.65;3591.75;2491.45;4334;2607.25;4001.55;739.65;5943.1;1671;10286.85;8697.7;1469.95;2577.85;1081.5;3227.05;6687.4;3880.4;2409.8;2497.75;886.85;2483.75;2735.8;10215.45;7530.95;2485.85;4536.45;3767.7;8722.4;15792.25;4021.8;2668.75;2165.8;8477.35;3296;1800.15;3744.05;3200.75;7097.3;17834.15;10552.7;3810.85;2464.5;6273.6;1473.55;1744.55;2560.55;6052.15;8998.6;5484;6382.6;4974.7;3246.4;1864.9;3361.9;5617.6;7762.6;4259.1;3492.1;2377.6;2197.5;1891.5;1162.5;3201.5;1856;2344;7322.7;5981.9;1563.5;4357.05;7021.65;8048.85;4517;2368.9;3013.25;1589.75;3968;2897.2;7183.4;4230.184649
2867.45;1311.7;1913.1;4973.15;2787.1;11314.7;2480.65;5105.25;309.35;1881.65;6194.25;6804.45;2185.75;4357.4;3327.9;1762.25;1226.55;6509.1;805.4;5300.9;4072.15;1832.65;6658.75;4648.75;1227.85;1891.6;4259.5;6270.5;4053.1;4295.45;1426.5;12114.6;4498.7;2500.65;1645.05;790.2;1079.85;2371.25;2427.4;4957.35;2121.05;2639.05;438.75;7702.4;1238.75;9018.95;4564.5;1917.5;2560.85;915.65;2377.6;6248.9;4063.55;1472.35;2867.55;873.15;2444.6;8610.1;9018.25;2971.55;1966.9;3658.3;2871.4;13258.6;16404.5;3761.95;1713.2;4804;12095.2;4380.7;2072.65;2076.25;2021.6;6023.45;13533.5;6740.4;4080.05;2872.85;6140.8;1021.2;1091.7;3593.9;8123.8;4509.5;3068.95;3804.25;5102;1340.7;5066;8127.6;4345.2;2996;5268.2;5638;1841;2043.5;2328.5;871;3491.5;2726.5;3072;9287.4;6791;778.5;2747.95;6938.05;8773.15;3800.5;1922.05;6164.95;2647.9;2528.7;1579.7;6067.95;4127.017982
3175.95;4761.3;6102.9;3790.75;4631.35;9738.35;2401.15;5692.65;331.6;1407.5;7036.45;7065.35;1800.4;3410.2;2908.85;1829.95;973.2;6629.4;987;3024.6;2822.65;1508.25;4892.95;4732.95;2661.85;1879.75;2456.4;5190.4;3347.8;3655.35;1294.05;11671.55;7536.95;4377.5;1734.05;453.6;1665.5;1644.2;1904.45;4360.55;2070;3888.35;544.4;8283;1454.9;8505.25;2161.65;1857.95;3698.5;4100.85;2115.4;6192.75;2418.8;1056.15;1925;999.7;2360.6;15532.85;7297.25;1622;2696;6601.5;2959.1;9968.6;8235.5;3507.05;1587.3;4752.4;11913.95;9220.6;2661.45;5296.75;2235.95;4257.85;10794.75;4196.25;8637.25;2916.95;10614.15;3253.75;1256.8;2389.2;5817;3792;3395.95;11631.4;4591.9;1148.7;2783.2;5785;3761.3;1668.4;3245.2;5898.1;3459.1;1312;2020;1182.5;3020;3106;1909.5;8451.6;7746.8;1010;1823.75;6130.3;5422.55;2135;2046.2;4278.35;6547.05;2216.65;1579.25;5023.1;4118.122368
3327.6;5211.95;3460.55;5241.45;5398.75;5320.75;1931.75;5652.45;364.3;1117.95;5226.15;4847.7;1584.9;6223.85;3727.15;3806.1;737.85;5016.4;1347.75;2563.75;2069.85;1544.25;2985.95;8213.5;1596.5;3565.4;3747.35;3954.3;4019.7;2793.25;1208.75;7932.5;14221.4;7802.2;4731.2;468.05;1670.5;2231.15;1726.65;5538.6;2527.95;3564.6;358.1;6655.15;845.7;4572.45;1881.25;3393.35;2912.9;6487.05;1654.15;5921.75;1633.75;2106.9;1250.75;1502.9;1738.05;9936.6;7150.1;960.05;2686.15;8332.35;2536.85;6330.45;3933.3;3758.05;2450.75;7414.75;10036.05;5342.45;2542.35;7859.05;5673.45;6625.4;10486.6;3874.75;11709.75;6790.25;10690.05;2493.1;1687.15;1594.75;4143.4;3516.1;2489.9;7324.35;3719.8;978.2;5737.1;4379.9;2939.1;1466.8;1710.1;6366.8;5432.3;1142;1117;2472.5;2967.5;3062.5;3629.5;5181.8;5356.9;2535;2043.95;3684.35;7260.95;1730.5;3693.1;2250.6;5555.45;1423.85;1884.85;6024.35;4028.525877
4173.3;3402.4;1921.1;9654;4583.55;4356.35;1537.15;3651.85;554;985.2;3915.45;3068.05;4063.3;7476.25;4127.8;4698.55;887.35;5999.45;1013.9;3330.7;2234.4;3838.8;2273.7;7297.7;915.1;3165.85;4099.35;3867.45;4788.25;1991.75;953.1;5062.55;14348;6047.6;2401.55;1051.4;891.8;1874.85;1485.85;3185.55;2114.25;3217.55;452.4;6098.9;646.55;3242.95;1549.8;3610.15;3812;5713.3;1651.25;5359.65;977.45;2236.8;1747.6;2093.75;3114.2;6810.4;7840.4;910.25;2320.7;5333.1;6758.45;9588.05;6268.8;2975.85;6546.15;6773.55;6038.05;3250.05;5186.5;4973.05;3024.2;7293.85;7584.9;8606.35;8658.25;7467.25;7383.4;1428.05;1919.25;1070.5;2545.3;3318.9;1498.5;3988.8;2987.6;2807.9;5859.1;3386.8;1801.6;1145.7;3307.3;6107.7;2236.1;1304.5;934.5;2639.5;3344.5;3173;5276;3622.7;6013.7;2125;3279.75;2299.05;12644;1778;9366.75;1393.6;5404.25;2235.15;1440.55;4530.75;3882.620614
2804.45;4566.5;2754.95;6718.95;2911.4;7956.35;2556.65;3970.9;628.05;871.65;4201;2158.5;3113.2;9785.65;6796.8;3249.6;3169.65;2950.4;723.35;6335.2;5578.4;4636.3;2975.95;4995.65;976.15;2478.1;3565.15;3516.4;4796.55;1348.7;1430.8;4547;12532.8;4446.75;1393.15;794;1123.35;2188.2;1143.3;1605.35;3192.05;4834.2;771.65;4186.7;593.05;2358.4;1363.65;3730.1;3916.3;5463.25;3607;5064.85;1116.45;1480.6;3741.95;3044.4;5992.8;3737.1;7201.9;1110.85;2307.3;3036.5;7846.25;12356.05;6179.6;2924.7;6772.8;4250.1;5164.55;1926;3820.5;5312.1;1719.45;6539.55;7241.3;7183.25;4501.7;4365.75;5594.5;1644.05;2261.95;1679.6;2124.3;3578.85;1092.35;2583;2011.2;3263.3;4352.7;7641.1;1026.5;1872;3282.3;6314.5;1321;955;1816.5;2419.5;3915;3376.5;4572;1878.65;4820.9;7953.5;3519.15;1677.2;6371.65;1997;6892.55;1450.25;2399.4;2501.6;1019.9;3889.35;3678.234649
1609.35;3384.5;6305.15;5934.35;2031.15;8878.15;5266.3;3201.4;434.1;859.15;4936.3;1376.95;2666.1;10487.9;7121.15;1879.35;3037.15;2394.2;608.25;5327.9;5839.6;6516;4394.8;3657.35;1221.9;1618;3806.05;5146.5;3662.6;1420.65;6086;4091.5;9889.85;3843.95;1111.35;467.2;1251.75;2188.2;1151.35;1106.4;3348.8;2841.8;2498.35;5434.4;1742.5;1691.5;2188.55;5064.25;6342.2;3503.2;8087.65;5821.5;4768.75;1127.45;6198.75;4347.2;10644;2722.45;11443.95;789.45;1823.45;2384.1;4408.4;9955.75;7098.6;3182.7;5269;3868;5347.2;1622.15;2098.4;4049.95;735.3;6819.4;7771.45;3833.95;4441.1;4243.85;5863.25;890.25;3353.9;2419.1;1493.4;3692.95;2412.85;3237.65;1518;1334.6;3105.5;9882.5;1025.3;2133.7;3355.3;6786.7;2052.5;924;2406.5;1242;4054.5;3494;2822;2952.5;4376.8;3691;2600;1594.6;3824.4;3906;7771.1;4344.3;2010.85;3617;1923.9;2722.8;3777.236842
1020.45;3812.3;9623.35;3390.85;2464.4;10169.4;8130;3279.45;950.25;671.95;4898.15;1047;3483.65;7567.65;6103.4;1496.75;3265.75;1599.35;922;4620.9;4656.8;9988.55;2870.75;2724.3;1805.05;1572.2;2162.05;5289.6;3518.15;3089.15;7166.3;7993.55;6905.15;5567.65;861.85;346.8;1662.85;3445.05;1770.9;2019.05;5366;3976.5;1470.35;4239.25;3516.7;1246.25;1960.7;5054.55;5251.45;5055.75;8316.35;6694.4;9041.2;1862.3;9193.8;4156.75;7974.1;4279.65;9893.55;806.45;1310.7;1444.3;2752.7;12892.35;4168.8;3614.9;4456;3192.85;2919.15;895.9;1286.45;4024.45;1087.1;4788.55;3072.55;2434.85;3867;5360.6;5723.75;638.55;3488.45;1772.9;1163.1;3108.45;2207.65;3433.25;917.5;3313.4;2555.8;10136.7;1786.6;1897.2;8422;4596.9;3613.8;1071;3174.5;1611;2635.5;2466.5;4190.5;5309.4;5045.8;1432;4787.2;6241.8;2002.85;5351.5;4999.25;7705.25;3030.8;3268.7;3352.75;2506.65;3910.675
1113.85;3128.15;7670.45;2174.4;4372.1;10160.45;10210.95;3020.8;1482.9;2609;4273.15;1073.3;1974.6;6201.45;5146.45;4904.05;3487.5;3094.6;1373.55;8186.6;4218;6486.4;2926.2;3005.35;1417.75;2746.35;2638.3;3222.35;2612.7;3252.35;7096.1;7514.25;3729.6;2444.75;949.65;590;2130.25;3143.9;1771.6;2421.05;3504.75;3575.15;2314.95;3661.5;4636.95;2800.05;2398.95;1906.45;7821.55;6494;5629;6088.65;7894.55;5065.15;7987.4;3334.15;9640.85;6185.2;7576.6;1257.05;1212.65;2017.55;3091.1;12897.3;5010.9;2501.35;6274.75;3786.25;3758.2;1582.5;1714.3;2576.9;4538.7;4459.6;1469;1450.3;5312.15;2855.5;5100.05;1127.45;3607.9;4155.7;1043.5;3104.8;818.8;1749.95;1293.3;2875.9;2589;8188.8;3479.3;2814.8;7388.5;6930.2;3634.9;1838;7516;1562.5;1667.5;2241.5;5855;5537.45;4228.4;1254;2294.6;11320;1697.25;3904;9153.8;6586.45;4497.8;2144.15;6014.6;2030.35;4013.186842
2708.3;2933;4624.05;2581.2;4266.95;9365.95;8326.3;2449.85;1115.15;4949.3;7332.1;2704.4;1907.3;6940.95;5091.4;4608.5;4542.45;3606.7;2284.05;10564.5;5002.5;3758.85;5202.35;5923.35;1695.5;3483.7;3475.45;1785;5748.5;2586.55;5874.25;4704.3;3246;2681.55;1887.95;714.75;3382.9;3241.95;2650.3;4283.15;4137.35;4592.6;1817.3;2862.95;6115.15;8062;4698.95;4445;7399.2;5974.2;4852;5966.05;7388.8;8606.6;4958.4;2520.55;12427.75;7184.2;6714.6;2033;1582.45;2068.65;4516.15;11471.8;7032.75;5063.85;8632.25;2251.15;5082.15;7202.05;2015.75;1932.7;6161.35;6745;1814;3278.65;8779.35;4307.85;4136.05;3436.25;7752;4778.3;2151.6;2858.7;715.1;5069.4;1923.3;4784.3;1319.9;6213.1;3592.3;10954;4119.1;10998.2;1757.2;1591;5479;1644.5;3209;2733.5;8805;5633.8;4040.6;1964;8296.75;6419.4;3107.3;2748;7829.85;3213.9;3400;2427.35;6146.75;1315.3;4592.014035
3162.8;3538.35;4793.75;3395.7;3036.5;6833.15;5544.35;3599.75;852.3;10154.95;4676.9;5498.65;5108.75;4485.1;4560.05;3156.8;8291.65;6757.9;7089.4;11674.15;9691.3;2684.35;3276.8;5329.2;3804.4;2496.9;5068.95;2950.1;8361.75;1894.85;4389.55;3367.25;4077.1;2567.35;3495.45;1472.8;4635.85;3233.75;6488.55;9555.1;3497.75;4062.25;1276.75;2510.85;7790.05;8618.05;2989.4;10513.75;5629.5;3439.05;4831.5;8234.8;8168.85;6070.95;6246;1518.2;8263.3;5904.1;5885.65;3186.05;2302.45;1631.7;2808.2;10752.65;5408.85;7675.1;8512.35;1220.75;4604.8;2292.1;7997.65;2492.35;5415.5;6523.4;9123;9177.65;6919.75;5539.35;3723.95;7306.3;7361;5484.2;1754.6;2976.4;2742.55;3094.3;1721.7;4354.6;1240.5;6488.4;1410.6;9084.9;2503.2;11336.3;3041.2;1851;4426.5;1762;6100;1663;5617.5;4983.7;3024.5;2881;5727.75;4639.85;5515.7;1751.5;5274.35;3637.9;2160.85;2347.75;3656.25;1243;4806.802632
3378.65;3036.35;4596.05;2122.4;2844.8;10066.3;3730.4;3786.95;893.15;11535.1;6009.6;7936.4;9698.4;3796.3;4217.5;2253.65;8499.4;9044.3;6883.85;9248.35;10387.25;2281.95;1855.25;5939.75;3642.1;2138.6;3638.75;6686.95;6152.6;3017;4041.85;4097.75;3286;3046.05;2027.7;4716.2;2772.15;4618.65;5866.35;8427.25;7428.95;2773.25;1105.95;3036.75;11574.4;7470.1;1191.85;10539.8;3388.45;4159.35;6224.9;8169.4;8396.55;1914.95;8076.5;3032.15;5675.55;3159.25;6371.45;4460.5;2094.15;3702.35;1341.85;11061.15;4205.95;3985.4;8085.75;1757.55;2210.45;4063.8;12444.4;8165.25;2322.55;5776.95;7766;10489.45;3593.25;6581.25;4959.85;6286.3;5826.95;6839.55;1017.5;4632.4;4663.55;1894.7;5866.3;3922.7;3280.2;4884.9;997.2;6075.9;8409.2;7917.9;1283.5;2851;4954.5;1456.5;6852;1206;6229.5;3135.8;3356.1;2140.5;5203.4;11181.1;7847.15;1020.5;3508.9;8061.7;2945.1;1673.6;2215.15;1038.55;4961.85307
2015.5;1707.65;8739.65;1306.55;5566.8;7669.95;4710.05;4262.3;1052.25;8717.45;5924.8;5450.55;8732.15;2950.95;4076.8;1342.2;6216.75;9337.05;4728.7;7620.4;10756.25;1702.95;1847.5;8107;5097.6;2979.7;6322.35;8963.05;3365.75;1857.35;2773.15;5524.9;5508.1;5021.4;1991.7;4927.5;1485.45;8897.6;4053.15;5929.15;8549.35;1909.85;2420.45;5275.65;10913.55;6513.75;1152.55;9644.7;7918.8;6660;6182.85;7359.05;9395.05;1296.5;9564.65;3422.65;5387.5;5759.75;9140.7;4850.3;1118.35;2900.05;1163.55;7797.55;3866.45;1781.15;6712.05;1687.3;7973.4;2037;13532.8;6334.45;1681.6;5149.9;4167.35;7694.8;1990.35;6576.55;3659.5;3397.3;3470.05;6091.35;1000.75;3511.8;5105.6;3508.2;6917.1;3391.6;6725.4;4602.9;3310.8;3976.7;10522;13486.7;1631.6;1517.5;7346;2269.5;8310.5;2699.5;8040.5;2008.3;4850.9;14195.5;2939.05;13154.65;9236.7;1123;2471.15;7653.55;4142.45;1241.55;3048.55;1713.9;5166.618421
2403.05;1062.6;8992.95;992.3;7037.4;7572.45;3010.1;1880.45;697.1;4409.55;4077.4;5148.1;4213.3;2694.65;3022.85;749.2;2797.4;5871.95;4269.15;6517.85;14178.55;2227.9;1461.95;5168.5;4973.15;2939.6;11345.7;8862.35;3462.4;1224.65;4527;4348.8;3120.85;3256.5;2358.5;4177;1206.45;7699;3402.95;2726;5584.45;3005.15;6699.95;5617.65;5696.1;7655.8;2778.45;4704.05;6197.4;4662.2;8498.9;6486.35;6365.35;889.55;11933.95;1610.7;3758.85;6177.6;11692.65;2185.75;833.25;4274.15;1533.15;3453.6;3382.15;598.85;2712.9;2005.2;6670.65;2021.4;9325.05;5938.55;871.65;3922.45;6544.3;8330.5;6102.15;3737.85;6067.2;1402.4;2457.15;7076.25;4261.4;1858.5;3089.95;4586.35;3709.8;5268.4;13486.9;4308.6;5177;6053.9;9187.8;16206.5;1545;3936;6675.5;1901.5;8447;4985.5;5342;1946;5126.7;10342.5;2147.25;7304.15;12652.7;3926;6513.35;6010.6;4940.75;896.2;4535;5061.65;4850.699123
2840.75;793.95;4920.1;959.35;4051.55;8574.35;1900.75;1084.75;545.9;3566.15;4469.05;3582.2;2093.35;1312.05;2785;536.95;2938.5;2682.15;3413.3;7227.15;13645.9;2883.25;847.2;4137.75;2125.2;2939.2;11773.35;3275.55;2872.05;876;3152.2;2887.9;1442.65;1789.2;1565.05;2852.15;1061.95;6342.2;2123.65;1815.4;3101.95;6531.1;6399.8;4099.1;8387.2;8936.8;1943.05;3523;7103.35;1989.9;6951;6318.15;9822.1;1354.35;11085.1;2010.7;4408.65;4497.35;8463.65;2368.35;1205.9;3647.1;1109.95;5786.45;4054.7;616.7;1637.85;3325.45;5930.1;2095;7774.15;8491.7;875;6684;6484.35;5615.45;4248.95;2082.8;2708.4;787.85;1984.1;8597.85;4991;1547.9;4559.2;6868;2301.6;4762.6;15070.7;3197.2;5366.7;9004.8;8014.9;12356.1;2344.7;4260;6867.5;1979.5;6033.5;5979.5;3671;1732.6;3549;7429.5;1811.5;5535.35;10980.65;7886.5;7915.3;5218.65;4831.1;848.45;2999.8;3503;4378.432895
1314;747.6;2092.35;1726.5;4370;7070.65;1435.15;985.95;478;3010.45;5146.5;1828.95;1794.65;861.25;4467;469.45;2822.2;1177.8;4419.85;9069.95;9505.85;3422;869.2;4789.05;2409.45;4853;6201.8;2406.25;1558.95;1774.1;3182.5;1547.05;1250.9;1534.6;900.45;2231.75;923.95;4923.25;1249.05;3869.5;1558.15;4622.45;3012.4;2176.85;8234.2;8822.15;927.55;2378.35;6929.55;1231.8;6810.7;6159.45;10931.6;1116.35;11599.15;1752.9;7036.95;4427.2;5768.6;5556.5;2337.45;4878;669.2;8560.6;2347.9;1573.75;4093.9;2495.85;2879.9;4016;10013.55;7579.25;1400.9;10861.85;3104;5357.5;2659.1;7061.5;2555.3;1854.65;2826.3;4995.5;2432.5;2408;7416.3;7501.75;2240;3634.8;11093.5;3315.8;2063.5;7678.7;6544.3;9825;4464.4;3665.5;4545;1898.5;4891;8120;3939.5;1229.8;3038.1;5225;6057.75;7059.05;7782.25;8385.5;7651.45;3026.9;5822.6;723.15;2034.65;2119;4102.622368
852.55;584.85;1651.5;2843.75;3321.2;5329.7;1162.4;792.2;365.45;1868.85;5381;2390.95;1323.7;1016.4;3287.25;508.65;1402.85;981.95;4245.05;5638.6;4487.1;1814.15;1300.5;2478.3;4984.9;3693.55;2753.75;1752.35;1867.5;2557.8;4611.05;1319.2;2404.75;850.6;947.25;1907.7;1535.2;2132.55;978.5;3837.55;867.1;1369.1;1933.35;1676.35;6514.05;3961.75;776.95;1536.85;4339.85;1296.15;8428.75;4494.95;8735.2;942;11909.95;1614.45;4897.2;4201.9;2979.7;8755.85;5588.95;2790.7;594.45;7000.1;1724.35;1004.35;2795.7;5483.5;2242.15;3337.45;8398.4;5526.55;2722;12198.9;3308.85;6237.25;2299;11652.7;2389.9;1692.8;2566.1;5267.25;1453.3;4521.8;3638.8;4884.05;3428.8;3950.8;13020.3;1733.7;1683.1;4412.4;3864.4;7690.3;2188;5128.5;2974.5;2850.5;6179;9583;7292.5;1189.15;2287.4;5153.5;6643.95;6520.6;5553.55;6753.5;5159.3;4699.05;9965.55;367.85;1631.6;1686.95;3678.119737
597.35;458.75;1812.05;2706.25;2084.5;3863.55;844.1;581.3;218.2;5175.3;6667.1;2390.95;880.6;852.85;3719.05;616.6;987;863.7;7834.5;3341.1;1764.8;1625.9;2364.75;1651.7;2278.9;2523.6;1743.7;1957.15;3310.55;1315.85;5114.65;1468.25;4769.65;564.6;786.35;1294.2;2572.8;1741.15;622.25;2403;734.05;1424.3;5240;1400.05;2966.85;1835.65;616;989.8;1920.3;2629.2;5363.95;2744.3;5145.75;778.55;13843.9;729.15;2835.2;3870.1;2724.95;7096;6950.2;1016.15;561.6;7150.45;1048.35;968.5;2163.45;5165.2;3708.2;2737.2;6520.25;3605.55;2524.8;13252.65;4404.35;7230.55;1577.55;9860.2;2654.35;804.35;1747.25;9312.9;867.95;2662.5;6027.15;5160.95;2172.8;4065.2;16031.5;1387.1;1515.2;2681.8;5019.5;5441.8;2423.5;5318.5;1911;2359;4047.5;5439;10022.5;877.85;1759.4;2219;8008.25;3941.9;10051.35;3909;3381.55;4419.9;8211.2;407.45;827.95;1340.05;3352.017544
572.35;393.6;2813.25;2503.55;2098.25;4107.05;934.05;469.85;202.05;3031.15;10910.5;2211.4;684.6;672.9;2861.85;417.4;1324.55;1249.75;8797;1678.25;855.65;2259.2;2269.05;1616.85;973.4;1901.5;1672.7;1218.55;4672.45;1077.1;3211.6;3729.65;5320.3;454.65;799.7;981.55;2449.15;2694.45;536.35;1789.25;497.4;2897;5004.5;1367.65;1661.5;1049.5;429.9;568.65;1407.95;5502.5;1889.9;2217;2297.95;855.05;6580.95;585.55;2376.25;3365.1;1405.65;2555.75;3128.3;801.15;365.15;5624.45;966.15;1850.65;2317.85;2092.15;4073.4;5422.2;5905.4;3991.65;1763.8;10742.6;4199.35;4570.6;742.3;9976.5;1898.6;1082.35;1640.75;10189.9;1146.4;1711.7;8137.3;3256.8;1126;2769.3;10762.3;1126.9;817.6;2001;3843.1;6591.2;6886.7;3635;1209;3448.5;5225;2442;19756;826.95;1735.2;1283;7183.35;2822.7;8400.55;1929.5;2155.8;4281.15;4296.7;302.95;761.9;1036.55;2975.311404
725.05;343.2;3594.65;1588.65;1216.65;8518.4;1177.65;504.5;174.25;2941.25;10820.05;1990.85;607.5;529.55;4553.7;488.7;2236.05;2918.3;3003.55;989.25;829.55;2386.25;1452.25;1467;706.2;1233.25;1458.6;771.35;2276.4;1365.75;3101.05;3941.35;4326.55;422.05;643.6;517.9;2870.8;2694.45;531.35;1888.85;473.65;1367.9;3196.45;1173.45;1158.1;724;408.3;452.55;1404.25;5330.5;1108.15;1143.35;1882.05;840.35;8461.75;812.8;1501.55;1859.7;912.6;1222.05;1975.55;518.8;235.9;3479.35;782.55;1866.35;2324.25;1367.9;3335.85;10324.5;3386.15;3342.75;1595.2;7082.7;2162.6;1985.65;587.4;11858.1;1273.5;1104.05;1296;5102.6;1940.9;1301.9;5310.1;2027.7;713.9;1253.9;5371;879.8;523.2;1756.3;2523;8386.3;4660.5;1735.5;1278.5;2869;2485;1510;19846;721.15;1528;1003;6148.1;7105.55;5330.15;1979.5;1990.35;4651.25;2624.15;873.95;731.9;859.45;2527.600877
660.7;372.95;5943.65;856.45;900.8;11628.3;1059.05;730.35;122.25;1588.9;6789.85;1973.75;521.8;509.2;4266.45;429.85;1905.4;3274.4;1264.55;830.25;661.35;2199.25;908.25;1261.15;528;1349.75;4023.6;598.9;1282.9;1493.1;5058.9;9918.1;3476;392.95;426.25;353.55;4672.55;3215.7;455.35;1181.65;473.2;921.2;2351.7;812.2;889.1;572.95;502;414.4;1162.7;6537.95;1154.4;895.95;2958.4;759.9;9654.15;561.4;2866.75;3379.75;937.6;798.7;1354.4;460.55;271.3;4304.2;734.65;2494.35;1717.3;2696.2;2979.65;6588.9;5200.4;3002.5;2407.6;4271.75;917.65;1414.45;501.9;8309.75;1691.55;758.05;1150.8;3865.6;2042;1499.05;7013.25;2457.95;392;1503.7;3291.6;747.2;461;1965.9;1560.3;14479.3;2679.9;1454;1788;1473.5;1637;1345;15396.5;840.75;1019.2;1445;3202.5;4440.75;5307.25;1629;1549.65;3950.2;2987.1;1487.55;692.1;643.95;2431.282456
476.35;312.45;4487.85;1253.6;687.35;9836.4;820;1168.9;138.2;1228.6;2729.2;1651.5;404.4;410.25;6251.7;448.8;2016.9;2429.05;826.3;754.15;725.75;2210.75;519.05;1025.95;474.6;1384.8;6574.35;529.05;1305.85;1099.85;6606.95;10881.55;4463.15;326.45;405.3;328.8;2625.9;3973.25;713.1;819.7;322.4;1562;1307.8;583.75;870.9;467.3;424.5;370.1;1333.15;6014.5;1306.55;751.1;2490.55;515.35;7187.15;508.05;2692;8749.1;1707;1962.05;988.6;741.35;375.55;5231.3;914.15;1427.35;4470.2;2766.3;3163.1;3456.45;5489.5;2749.75;2362.75;2463.25;842.7;1241.35;394.45;3825;1320.8;558.55;685.1;7540.2;2922;1800.65;7570.8;2244.05;255.5;1859.4;2946.2;867.6;534.4;1074.4;1212.9;13211.3;2970;1308;934.5;970;1508.5;1114;10862;2728.6;548;3113;3068.75;2212.9;7259.25;1272.5;1060.15;3798.7;1972.2;1052.35;584.65;588.85;2323.554825
689.05;308.85;3005.9;919.55;574.95;7431.9;484;1049.1;226.75;1612.3;1802.7;2805.65;361.85;667.65;7414.25;280.1;3259.1;1597.4;678.65;558.7;666.65;1748.25;493.05;1032.35;378.75;815.25;4589.15;1377.7;1009.2;577.65;4836.1;8169.35;4414.5;293.15;503.9;210.05;1461.35;5802.75;1154.85;432.9;381.95;878.25;842.55;451.85;771.45;755.25;591.9;419.1;1003.5;4841.7;1020.35;563.5;1314.9;460.25;3826.9;629.35;5775.6;7518.6;989.3;3172.05;628.4;2868.4;942.05;1966.65;1032.45;1619.75;2722.75;2215.1;2036.15;1881.95;4177.65;2977.95;2382.95;1954.85;564.35;1391.55;349;1927.5;1493.25;415.9;839.2;4856;3740.05;901.2;4890.55;1128.05;249.9;1884.9;6495;1478.6;978.3;1052.3;1184.6;9117.6;7877.8;959.5;525;1484;1248.5;956;6654;5006.35;714.8;4906.5;2241.95;4751.65;15931;1171.5;823.75;6504.45;2577.45;996.45;425.7;491;2214.875439
618.55;200.95;3271.25;1246.75;541.85;3498.75;404.5;805.35;763.45;1106.75;1455.2;1479.6;733;899.15;6010.15;351.15;1877.85;1025.65;467.85;620.8;1003.2;1117.25;401.95;1278.25;285.9;584.65;3060.95;1393.2;588.7;320.35;2208.75;5242;2677.85;284.95;400.6;184.75;1219.8;2840.35;764.95;352.9;341.9;644.15;481.1;521.8;565.35;1922.45;390.95;411.5;1380;2561.95;824.45;552.95;1140.25;338.95;1826.55;515.6;9508;3317.5;525.4;3016.85;473.55;5171.6;632.5;1341.75;1015.1;1949.4;1336.35;1933.85;1400.2;1037.75;2199.1;3830.35;2749.9;2003.2;852.35;900.6;220.95;1159.9;1292.55;464.2;784.6;2831;4959;975.25;2418.65;983.45;340.5;2420;11579.3;1128.9;413.1;1888.8;1075.5;10316.7;9569;751.5;562;4379;1186.5;794.5;7952;2458.75;1612.3;5894.5;1142.25;5852.35;16698.85;2968.5;797.6;5401.45;1295;881.45;383.95;404.55;2012.661404
