1909,1910,1911,1912,1913,1914,1915,1916,1917,1918,1919,1920,1921,1922,1923,1924,1925,1926,1927,1928,1929,1930,1931,1932,1933,1934,1935,1936,1937,1938,1939,1940,1941,1942,1943,1944,1945,1946,1947,1948,1949,1950,1951,1952,1953,1954,1955,1956,1957,1958,1959,1960,1961,1962,1963,1964,1965,1966,1967,1968,1969,1970,1971,1972,1973,1974,1975,1976,1977,1978,1979,1980,1981,1982,1983,1984,1985,1986,1987,1988,1989,1990,1991,1992,1993,1994,1995,1996,1997,1998,1999,2000,2001,2002,2003,2004,2005,2006,2007,2008,2009,2010,2011,2012,2013,2014,2015,2016,2017,2018,2019,2020,2021,2022
6009.9,918.9,384.8,18669.5,1282.4,1057.1,3370.4,1487.5,952.7,1435.5,1293.2,4098.2,1932.6999999999998,1445.0,939.9000000000001,6162.099999999999,559.1,2738.1000000000004,1441.3,762.3,2964.1,3905.9,2320.9,1108.0,2461.0,520.1,801.2,4366.7,2430.9,875.9,510.8,2310.8999999999996,3278.1000000000004,2233.0,526.4,604.0,177.4,1038.6,2619.0,1170.8,825.6,488.79999999999995,1911.5,852.1999999999999,536.5,1054.9,3406.6,834.8,492.90000000000003,7046.7,2530.1,1247.5,1048.4,1714.0,919.8,2194.8,1105.1999999999998,11855.0,3741.8,591.2,6680.900000000001,3312.7,8581.5,757.4000000000001,3182.2999999999997,3819.2,2165.5,2331.5,5081.5,2843.9,1187.0,3779.3999999999996,3888.5,2322.5,2146.7000000000003,1640.3000000000002,1305.6,429.0,1952.5,1707.5,806.2,1262.7,2562.2,8262.9,3056.5,2407.2000000000003,2639.2,1044.7,3458.3,29060.3,1231.2,511.0,4911.4,1474.4,12189.7,11206.0,884.0,1051.0,4559.0,2180.0,964.0,6888.3,2975.9,1192.0,9759.0,5322.5,17640.399999999998,22798.0,5320.700000000001,1824.8000000000002,7213.6,1139.3,1181.5,563.3
4027.5,1097.2,334.59999999999997,15523.1,1016.0,1182.2,2759.6,1147.6,573.5,1334.7,954.4,8635.0,1647.5,1158.2,894.5,2869.7999999999997,839.3000000000001,1703.8,953.9,608.8000000000001,4129.9,5610.2,3105.1000000000004,1656.7,1377.0,1289.8999999999999,1069.0,5259.7,1792.6,5750.0,639.5999999999999,2502.6000000000004,3184.7000000000003,1453.3999999999999,357.0,3448.9,277.40000000000003,799.5,2825.8,2217.6,569.8,670.1999999999999,1237.1,726.1,1001.1,1554.2,1713.4,2387.2,673.6,4794.6,2045.5,998.1999999999999,1359.3000000000002,1123.0,1175.0,1458.6,1115.8,5030.1,2847.9,626.5,11477.6,3441.4,8802.2,733.5,10875.300000000001,5351.3,2335.4,4475.0,4884.3,1746.3000000000002,893.5,2206.1,2922.6,1287.8,2717.2999999999997,3873.3,957.8,496.7,3125.6,1560.1,732.1,1394.7,1640.5,6580.0,3212.6000000000004,2781.8,4273.3,975.8,2148.2,25811.6,687.7,504.6,6150.7,994.2,5862.6,5070.0,962.0,1209.0,2475.0,1688.0,879.0,12907.0,2883.8,715.0,10733.0,4729.4,20678.100000000002,13286.0,7658.4,2350.9,13361.8,1297.8999999999999,1178.3000000000002,434.4
2635.0,2244.0,498.40000000000003,8254.7,873.6999999999999,1625.6,2111.0,809.4,505.70000000000005,1249.8,1050.3,4687.700000000001,1770.6,1733.8000000000002,1056.2,1592.8,2927.5,2016.6,648.0,465.29999999999995,2881.2999999999997,4094.7,3762.7000000000003,935.0,885.5,1259.9,1153.8000000000002,3272.2,1146.0,7547.2,1211.2,7317.5,2525.2000000000003,1333.6999999999998,337.40000000000003,4040.5,207.0,3126.2999999999997,3740.1,2079.4,1413.7,943.6,1957.3999999999999,681.1999999999999,2563.4,3792.6,1087.8,4127.2,1370.5,2324.2,1652.9,988.6999999999999,3063.2,1262.5,1275.1,971.8,715.5,3182.5,2904.8,640.9,9933.1,2066.2,7618.200000000001,1294.2,9954.2,4148.9,5033.7,7448.0,6719.599999999999,1325.5,574.8,1492.6999999999998,3419.4,1154.6,3083.1,4629.5,756.7,623.4,5860.799999999999,8066.400000000001,877.6,1449.3,972.6,2640.6,3508.6,1361.0,6244.1,887.5,1752.5,13682.5,753.9,718.0,9333.3,700.0,4819.4,3208.0,1132.0,1794.0,2414.0,2294.0,1342.0,11532.699999999999,2335.2,655.0,11054.800000000001,3520.7,13426.099999999999,6055.0,9544.5,1560.2,28472.7,2381.5,1745.8999999999999,828.2
1643.3000000000002,2620.6,404.9,3852.2,737.2,1077.1000000000001,1832.1,746.6,727.1,823.4000000000001,837.9,2283.9,1315.7,1350.3,2239.1000000000004,1039.7,1738.5,4905.400000000001,672.4000000000001,1570.9,1641.3,2974.8,2826.6000000000004,673.6999999999999,808.5,1159.8000000000002,1465.5,7917.599999999999,756.5,8576.4,1152.4,5888.900000000001,1937.2,2028.5,445.1,3534.7999999999997,150.7,7204.1,3946.1,1428.2,1040.3,1062.1000000000001,3123.0,678.4000000000001,2614.8999999999996,5193.099999999999,1320.9,4269.9,1116.5,1363.6,2480.2999999999997,816.4000000000001,1773.5,1010.5999999999999,2599.3,795.4,498.8,5809.099999999999,2235.6,827.0,2940.8,1249.4,9701.7,1145.9,8305.800000000001,4959.9,3814.0,5224.7,8718.5,2770.1,546.1,1469.1,4932.900000000001,845.3,2021.2,3305.2,606.8000000000001,856.4,2358.1,10334.5,2565.6,3174.5,917.4000000000001,1538.7,4741.099999999999,1003.9,5799.0,5776.2,1747.4,11333.7,1142.6,1368.3,9197.7,854.7,5161.6,2579.0,849.0,1314.0,2359.0,1826.0,1671.0,11647.6,1607.5,897.0,4595.299999999999,4654.2,9737.4,3213.0,6337.2,3399.5,26221.0,1710.8999999999999,2625.2000000000003,1888.2
1209.8,2814.3,672.0,2321.9,1248.0,1101.5,3646.5,1178.9,1845.1999999999998,1026.7,716.5,2267.3,2087.5,1326.1,2344.0,720.5999999999999,1747.2,3959.2,1593.9,5189.8,3532.7000000000003,1630.8,2488.1000000000004,728.1,763.2,1587.7,1306.1,3515.1,533.6,8632.9,1460.8,5199.400000000001,1825.7,2011.6000000000001,337.2,1613.1999999999998,278.6,8469.6,2054.1,1028.0,694.5,745.2,3501.9,808.7,1711.6999999999998,2274.5,1149.8,7780.8,1201.8,1056.2,2595.5,758.8,1116.2,803.6,4019.9,854.3,588.4,8198.8,2276.5,710.0,2323.1,1236.1000000000001,15489.199999999999,1212.6,7783.799999999999,3702.5,2380.6,4948.900000000001,5186.7,8584.7,501.5,1560.6999999999998,6702.1,932.4,2176.3999999999996,3245.5,596.9,1388.1,2315.2000000000003,10198.2,4144.0,9006.8,822.2,1570.2,7145.9,1597.6000000000001,3221.8,7632.9,1638.7,19151.7,2337.5,786.7,10090.2,2672.8,3724.6,2384.0,1711.0,1416.0,2394.0,1163.0,1738.0,12022.6,2641.4,836.0,2787.3,11585.7,6338.8,3369.0,3839.5,7836.0,17817.4,1452.6000000000001,7338.1,1752.3
1045.3999999999999,3631.7,2154.8,1737.8,1536.9,1089.5,7230.900000000001,3191.4,1935.6999999999998,887.1999999999999,1052.6,2469.5,1907.6,5238.8,2074.0,647.6,1772.6000000000001,1914.8,1719.4,2658.4,2280.7,1457.6000000000001,1353.9,1415.9,1541.1000000000001,3280.1,853.0,1915.5,542.8,8352.0,898.1,3408.7999999999997,4828.5,1848.3000000000002,317.8,991.9000000000001,623.6,6833.4,3773.4,1735.0,578.4,586.1,3705.6000000000004,896.8000000000001,2240.7999999999997,1622.0,1540.8000000000002,8547.0,2124.4,895.2,3297.5,633.8,929.0,919.2,4988.8,1673.0,751.5,4636.4,1382.6999999999998,894.3,3617.2,4239.3,13936.8,1009.0,15661.6,4633.599999999999,3631.2999999999997,4015.4,4433.400000000001,4385.3,461.9,1267.3,8554.2,1894.6,2191.2,6617.200000000001,1048.3999999999999,1983.1,2987.0,6705.9,5887.8,4357.6,2616.2999999999997,1503.1,4758.099999999999,2766.3,2532.6,6817.3,9460.8,22664.3,4590.7,717.9,10424.0,2356.0,3850.7,2042.0,1640.0,932.0,2194.0,1160.0,1381.0,17202.4,4420.8,2006.0,1871.6000000000001,6940.4,4707.6,6226.0,3479.2,4457.200000000001,9678.1,1321.6000000000001,7384.5,639.2
1779.8000000000002,3107.1,3356.7,1906.1000000000001,946.0999999999999,918.7,5533.4,2702.0,799.6999999999999,1526.0,827.5999999999999,2424.2,2912.0,3579.6,1519.0,794.1999999999999,2278.8,1303.3,1110.1000000000001,1147.6,1164.7,3010.7,716.5,2776.5,1258.5,3522.0,587.2,1203.1,725.9,9275.1,608.8,3018.1,8277.3,3399.9,346.3,806.5,483.5,9859.1,2496.7,1494.8,610.1999999999999,571.7,2706.5,668.2,1332.3,1407.5,2466.6,4662.7,1930.6000000000001,3554.9,7042.9,665.8000000000001,1015.6999999999999,1105.5,2568.4,1349.1999999999998,1126.4,2866.0,1038.8000000000002,1023.1,6427.7,2957.1,9993.5,929.5,13426.300000000001,4211.1,2179.3,2319.2999999999997,12213.8,2650.1000000000004,840.5,1004.6,10715.3,4897.5,3295.2000000000003,9134.7,3572.6,1936.6000000000001,2690.4,3041.7,2369.2,6084.299999999999,1816.6999999999998,3364.8,3862.6,5314.6,2329.3,9854.2,6753.6,24814.1,3304.9,905.5,7491.0,1201.6,7692.2,1797.0,724.0,713.0,1633.0,981.0,1092.0,9535.3,5782.1,1181.0,1668.8999999999999,3825.7,3637.2999999999997,5806.0,5454.8,2093.5,3834.2,2200.6,3835.1000000000004,588.3
2829.0,1956.4,2024.4,1745.7,1618.8,1275.5,4886.3,2022.8999999999999,669.6,1472.2,1183.3,1761.7,4285.7,1503.6000000000001,918.9,1128.1000000000001,1701.4,909.8000000000001,699.1,1050.3,844.0999999999999,2762.5,507.0,1745.9,746.0,3722.3999999999996,661.0,884.3000000000001,1879.4,6108.2,661.9000000000001,2620.1,8471.900000000001,1480.9,502.7,544.6,471.9,5348.299999999999,2446.8,1816.1000000000001,424.90000000000003,734.6,4155.0,703.3000000000001,1093.0,1312.5,2815.8999999999996,2343.8,1268.7,3968.1,3776.1,1605.6000000000001,1387.7,855.7,1737.5,1764.5,765.3000000000001,8793.5,1284.0,818.0,10756.5,1058.7,9184.0,1558.0,16199.7,4404.7,1382.7,1907.0,9557.800000000001,1640.9,938.8,1109.8,4543.0,5380.4,10199.6,7055.799999999999,6259.1,1105.1,3254.7999999999997,1704.8999999999999,1868.3,5118.0,770.5,2889.7,2161.1,13141.3,2446.1,6567.4,9082.2,16019.3,2901.8,638.7,5452.6,1152.4,5945.9,1333.0,538.0,760.0,2272.0,1252.0,1380.0,14637.5,5249.9,1599.0,2761.0,3954.9,4059.5,5737.0,9598.699999999999,1626.0,3085.4,2173.5,2623.0,464.3
3427.1,6314.8,1319.9,4023.4,3552.7000000000003,1353.5,5956.8,1251.8,834.5,3249.4,1418.6000000000001,1994.8,4100.3,938.0,847.0,812.2,1747.7,913.5,680.1,3220.5,2739.8999999999996,1567.2,484.0,1375.8999999999999,1336.7,5009.599999999999,768.7,855.1,4472.2,2529.7,2026.1,1926.6999999999998,7193.3,1577.9,570.1999999999999,872.9000000000001,648.9,3026.2000000000003,1858.9,5260.5,793.3,937.8000000000001,7014.2,767.7,1106.3,5319.9,2101.2,1463.2,896.6,3467.3,3665.7,1575.5,1285.3000000000002,1147.8,1552.9,2550.9,594.3,12395.900000000001,1863.1000000000001,574.6,6716.0,1083.0,5318.599999999999,3327.0,10051.8,3501.8,2085.0,2046.1,11631.7,1038.7,1755.7,1292.8,4037.7,3985.6,15788.1,12918.5,2860.7,1231.8,3229.3999999999996,1896.4,3207.9,3586.7999999999997,701.8,4723.0,2280.2999999999997,12993.300000000001,5010.6,4955.1,8200.8,10403.1,1723.2,785.7,7113.5,1231.4,11889.5,1285.0,699.0,1127.0,7860.0,1796.0,2490.0,8275.7,5016.2,3146.0,6136.8,5105.9,5782.1,4261.0,5911.4,1694.4,4332.7,1257.1000000000001,1396.7,1816.7000000000003
2401.6,8861.5,936.7,2408.6,5032.6,2166.5,6032.599999999999,1090.6999999999998,1240.9,2375.1,1878.5,1814.1999999999998,2446.0,1003.3,764.1,569.3000000000001,899.5999999999999,822.0,668.4,4407.0,5368.900000000001,1799.3,635.2,3759.3,2226.7999999999997,2934.1,2544.8,645.5,5902.6,2973.3,3399.5,1202.0,3998.7,1159.8,496.6,2227.2,624.4,2710.0,1676.7,4199.0,1099.7,1210.5,3543.7999999999997,613.5999999999999,876.7,7333.0,1274.6,951.6,733.4,2185.7999999999997,2566.5,1926.1,2076.7,922.0,3423.6,3424.8999999999996,611.3,13457.599999999999,4559.2,487.2,3772.9,929.8,3665.7,2340.2,6495.7,3284.6,2776.4,6230.099999999999,8793.7,952.4000000000001,1900.6000000000001,2808.8999999999996,2562.5,2292.7,17363.100000000002,7836.5,1680.9,2542.8999999999996,1560.0,1356.1,2304.9,5035.4,558.1999999999999,9223.0,2545.2999999999997,6926.799999999999,9548.7,4387.0,4654.7,19578.5,1430.8,1749.4,4303.7,2665.2,10433.2,961.0,602.0,1015.0,13500.0,1865.0,3192.0,3901.2,3964.4,3517.0,4245.900000000001,3230.9,5435.6,4089.0,5544.700000000001,1669.6000000000001,3734.0,983.5,1135.5,2964.0
1979.3999999999999,5227.0,605.0,1243.4,6389.9,1933.9,5384.5,802.8000000000001,1074.8,2429.8,2027.1999999999998,1348.1000000000001,1840.0,1649.8999999999999,844.0,522.5,790.6,866.8,1218.9,2157.5,5268.4,3487.8,522.0,4615.0,2886.1,6337.2,2295.9,533.1,9428.8,2937.8,4002.2999999999997,1332.7,1481.4,1212.9,463.8,1398.1,438.5,1761.6,1237.0,2388.3999999999996,5481.4,1784.0,2819.8,547.9,868.0,6062.299999999999,983.5,1444.4,845.6,1735.3,1981.2,1426.1,2336.7,994.6,3481.7,6154.5,665.0,9249.2,4432.2,546.3,3321.1,2159.6,3955.4,1372.3,3956.1,3300.6000000000004,6690.8,7719.3,6648.4,2430.3999999999996,1467.6999999999998,3716.0,2273.7,1289.3,14694.9,4153.1,1459.1000000000001,8361.1,1152.5,1244.5,1643.7,11005.9,485.7,5736.4,8041.8,3709.5,6128.4,3295.2,2937.1,11540.3,1159.9,1712.4,2742.8,4784.4,11337.8,853.0,935.0,1165.0,9811.0,1375.0,1739.0,2408.2000000000003,1942.0,2253.0,5875.2,6054.8,3103.6,5721.0,8578.5,1470.1000000000001,4825.1,917.1999999999999,1004.1,2201.2
1373.0,2200.0,499.0,941.0,8451.4,7728.8,6105.4,821.3000000000001,711.1,1964.9,1397.6,2901.7,1719.2,3055.8,702.6999999999999,1925.3,884.5,789.3,1736.1000000000001,1556.2,2410.9,3330.8,811.7,2552.2,1770.9,5064.5,1992.3000000000002,3140.2,4078.4,3986.7000000000003,2573.8,1537.1000000000001,2979.1000000000004,1548.8,564.6999999999999,1366.1,398.3,1382.0,1082.3,2281.6,3288.9,1059.1,2253.7000000000003,1058.7,1092.6,2653.5,1105.8,4309.900000000001,778.3,4300.0,5510.7,1079.7,9715.2,6010.6,4776.7,3517.4,492.40000000000003,9551.4,1869.1,1947.0,2460.4,4257.2,7748.4,1759.3,2595.6,2421.6000000000004,6096.5,6474.6,3036.2999999999997,5169.4,1013.0,2628.0,1449.6,1093.2,14782.699999999999,1637.1000000000001,4526.8,11156.8,1833.8999999999999,1016.5,1141.5,9465.3,914.5,3197.7,3639.4,3667.5,3125.9,2111.9,1830.7,17029.7,1092.6,1186.6,6449.9,8335.5,9909.9,879.0,725.0,946.0,6692.0,876.0,1180.0,4148.4,2471.1,1267.0,11209.4,9082.900000000001,2271.5,3668.0,7627.3,2484.5,7056.5,784.6999999999999,1286.5,1370.8000000000002
963.2,1364.6999999999998,970.9000000000001,1736.8000000000002,12363.0,14020.6,13271.6,584.4,684.7,3841.6,991.9000000000001,2236.5,3750.0,8155.7,773.4,4374.900000000001,907.0,535.2,1413.1,3648.3999999999996,1594.8999999999999,3574.0,785.9000000000001,2170.4,947.3,4092.1,1393.3,8029.8,2904.8,12459.7,3691.2,4203.4,6168.0,3581.6000000000004,1124.1,1538.1000000000001,398.3,1235.3,965.0,2123.1000000000004,4156.8,646.2,2137.6,3645.1000000000004,969.9,1692.5,1189.5,3838.9,850.5,2186.1,6754.6,984.1999999999999,9353.8,5993.6,7163.8,3120.2,604.1,12052.5,1396.7,2346.8,2826.0,3740.9,5524.5,2807.6,2419.7,2538.2000000000003,4911.7,4043.9,4243.9,3854.3999999999996,984.5,2916.4,1216.8,977.9,7597.9,5508.0,10998.4,4864.900000000001,8546.6,1482.6000000000001,1210.3,7603.9,764.1,3935.2,2529.6,2906.4,2465.5,3001.8,1313.5,12366.6,1575.9,5072.2,9505.1,9251.6,6491.3,619.0,774.0,1558.0,11215.0,752.0,979.0,4308.5,2519.5,1026.0,8826.0,6720.700000000001,1897.9,7811.0,4376.4,4024.1,6926.900000000001,516.3,2206.9,4501.400000000001
760.0,5035.0,765.9,2315.3,9050.3,7596.2,15118.1,726.1,1053.7,6396.099999999999,694.6,2579.2,8947.699999999999,10370.5,502.40000000000003,5179.599999999999,1267.7,461.5,1024.4,3643.8999999999996,1045.5,2034.6,632.3000000000001,2837.1,593.4,4372.4,777.8,7239.6,1674.8000000000002,8011.7,1994.7,9078.3,2776.9,7053.7,987.0,955.8,380.6,2784.9,1728.3999999999999,3206.8,6807.7,1713.1,1514.3,4188.1,1031.7,1191.6,4021.1,3749.6,682.5,1577.8,10933.9,1037.7,4717.2,4976.1,6366.4,3091.8,516.7,14267.5,1533.5,1524.6999999999998,6249.900000000001,2949.1000000000004,3905.6,2064.6,5642.8,1693.8,4815.5,2599.7999999999997,4971.9,1369.3999999999999,594.9000000000001,2342.5,900.3,1156.0,8409.4,5795.799999999999,12076.9,15270.099999999999,8770.199999999999,1549.0,2316.7000000000003,9069.2,549.2,9663.3,2204.0,2710.6,2577.8,11813.8,861.3,10553.7,4001.2,8080.7,6344.0,7377.5,5855.0,709.0,1602.0,1785.0,7974.0,711.0,987.0,2930.7,7841.5,1161.0,4914.299999999999,8492.8,2132.3,14128.0,2287.5,5516.400000000001,3737.5,646.0999999999999,2067.8,4914.5
682.7,10709.6,2249.8,3536.8999999999996,11306.800000000001,6858.5,16513.399999999998,442.40000000000003,754.4,5769.7,910.4,1585.0,10167.6,7874.2,1120.8999999999999,5310.3,3748.9,728.6,1745.8,5347.099999999999,776.3,1290.3,648.0,11073.2,544.7,5195.6,618.5,3537.3999999999996,1169.6000000000001,5330.6,1657.5,14535.7,13050.4,3371.1,673.9,686.0999999999999,288.40000000000003,1457.3,1489.7,9955.8,3867.4,2447.0,1853.0,2300.0,870.7,3008.1,8229.5,10932.5,860.3000000000001,4746.3,37881.6,1401.1000000000001,4644.8,4163.8,3197.5,7631.7,847.9,9710.8,1757.2,1089.5,4387.3,1559.8999999999999,2326.5,3911.4,5221.900000000001,1152.4,2353.5,3226.0,5993.5,1037.1000000000001,1045.8,3846.8,950.0999999999999,741.9,9776.5,2934.5,12429.199999999999,28795.1,8866.199999999999,950.5999999999999,6769.5,14253.0,1711.4,9835.1,3069.3,2438.9,1878.6,13459.3,705.8,17018.6,4608.1,3592.0,7093.3,9373.8,4614.3,897.0,10153.0,1310.0,5750.0,730.0,723.0,1586.8999999999999,4545.5,1336.0,8510.9,11809.4,2325.1,13819.0,8761.5,3965.1,3349.7999999999997,677.1999999999999,4926.0,8161.2
784.9,12937.9,6139.5,2780.2,10399.199999999999,13999.3,16301.6,458.2,652.3,3666.8,3675.5,1979.5,5342.3,3406.6,8505.6,3406.5,8484.7,881.3000000000001,1774.8999999999999,5092.9,656.6,950.9000000000001,631.4000000000001,20144.0,936.8,2827.7999999999997,1019.0,2405.9,1709.0,4194.8,10186.5,13301.9,19379.9,3360.5,475.40000000000003,1103.3,204.0,872.0,1961.5,15663.3,1979.3000000000002,1673.0,1389.1999999999998,1266.8,1462.3999999999999,2914.6,9245.5,11596.2,841.5,4843.7,37150.6,1182.1000000000001,7565.099999999999,2514.2999999999997,1770.7,6354.3,3965.8999999999996,14252.7,1170.1,889.6,2558.2999999999997,1159.2,3846.7000000000003,2918.7,8832.0,1066.8,1958.8999999999999,4917.400000000001,9808.6,652.8000000000001,4424.700000000001,5944.1,751.9,628.2,6400.400000000001,3857.8,13828.5,21294.5,23948.5,1651.1,4519.3,18308.2,9990.0,15103.6,4222.7,1818.4,1239.8,8491.8,826.1,27660.9,7015.8,3575.7,6583.7,14418.6,3017.2,1119.0,7532.0,1618.0,7109.0,3460.0,601.0,2010.3,4069.7,1306.0,10217.7,7092.3,2311.3,28046.0,14912.900000000001,2277.7999999999997,2801.6,677.6,1874.9,7258.700000000001
1288.8,7678.299999999999,5974.0,2345.7,9247.4,11484.099999999999,17097.8,444.9,573.4000000000001,4364.7,6028.4,2056.9,2017.5,7676.1,9923.099999999999,1765.7,7311.900000000001,1025.8999999999999,944.7,14082.5,598.8000000000001,1909.9,911.8000000000001,19882.4,1008.5,3223.5,674.4,1869.5,2550.5,13173.099999999999,4699.400000000001,14347.0,28473.0,9048.8,305.2,669.5,482.90000000000003,773.8,1835.8,11821.1,1759.3,6213.1,1007.2,699.1999999999999,2239.6,3904.7000000000003,14911.300000000001,4683.900000000001,928.0,2181.6,20683.4,752.6,9012.199999999999,1482.2,1330.3,9325.2,2812.8999999999996,9523.4,885.8,1076.0,2046.6000000000001,871.8,7571.8,3492.7,14364.3,1540.6,5781.8,3845.6,5526.799999999999,620.5,1954.3,5512.5,1382.8000000000002,706.9,18105.4,7631.299999999999,6164.299999999999,16350.3,19455.6,8626.6,2317.3,21018.6,12215.3,14310.0,2568.7,3906.5,2637.4,10632.0,1193.1,27187.0,4247.1,4008.7,6830.7,23616.4,10703.3,2253.0,3987.0,1453.0,8237.0,2445.0,637.0,5791.6,7567.4,1152.0,6891.099999999999,4127.5,3498.7000000000003,22301.0,10954.9,3068.6000000000004,2917.1,1055.1,1199.3,9209.8
1103.8,7404.2,6655.1,7498.999999999999,7565.0,9088.400000000001,16564.8,439.09999999999997,482.90000000000003,6765.3,8305.8,1534.5,1767.8999999999999,10189.6,6809.7,1019.0,6532.0,763.8,861.5,11100.1,491.0,9810.8,4611.5,19977.2,581.9000000000001,5673.2,416.29999999999995,4327.1,1782.1,13230.3,2098.2,15155.900000000001,30795.6,12922.9,689.3,570.8,304.7,960.5,4764.099999999999,10092.9,1598.1,2663.4,1030.5,502.09999999999997,2443.2,7419.6,14332.7,2165.4,2646.8,1590.4,20285.0,720.6,5510.5,1086.3,1650.9,9229.4,2958.7999999999997,8719.5,744.4,2915.2999999999997,5833.599999999999,1506.4,5789.2,2529.6,17778.0,1603.3000000000002,4383.6,2299.4,5509.4,541.7,903.7,4411.7,4050.4,587.3,18585.100000000002,8912.3,5948.5,6580.599999999999,9645.0,8479.4,2375.0,17375.0,9038.3,17897.4,3314.6,9232.300000000001,4144.7,4700.7,1295.5,24537.1,2325.5,8535.9,17181.7,16318.6,15056.4,2724.0,3833.0,1144.0,12122.0,2778.0,484.0,13214.0,6033.9,846.0,4805.1,11434.1,3204.0,14130.0,13745.6,4870.900000000001,7808.099999999999,806.3,1422.6999999999998,11190.6
896.9000000000001,5703.900000000001,6756.5,13244.9,6521.7,5639.3,22638.9,358.79999999999995,493.0,4058.8999999999996,3603.7,1262.4,1853.3999999999999,10703.900000000001,5018.9,675.7,16815.8,706.5,769.3000000000001,6576.7,897.6999999999999,18526.7,7333.0,12349.400000000001,566.3000000000001,7976.9,262.79999999999995,12727.300000000001,4307.2,16694.9,1289.6,10816.599999999999,33674.8,10093.3,2321.2,2490.6,1052.1,2972.9,6191.400000000001,12716.2,2100.0,1903.4,913.4,477.0,2142.2,4159.0,13186.4,3855.1000000000004,1641.0,1874.9,13791.9,610.9,2742.5,922.6,1279.6,6223.9,4380.4,4951.2,635.5,1832.6,4889.900000000001,4756.400000000001,7994.3,1939.2,16656.2,1047.3999999999999,9285.1,2511.2,5318.0,499.3,8039.7,6528.799999999999,5440.4,1217.5,26134.2,8339.0,11584.9,3891.9,7812.4,9196.300000000001,6160.0,14833.3,4305.5,11124.1,17149.5,7372.799999999999,3372.6,2326.6,852.6,17402.4,2589.2,11253.7,14872.0,8891.5,11865.4,2091.0,9065.0,809.0,14331.0,3289.0,553.0,6561.599999999999,3371.4,1079.0,7562.599999999999,8162.5,3719.9,7720.0,9416.5,9122.300000000001,7900.8,1103.6999999999998,1463.8,13827.7
652.1,2806.7,8133.5,17637.4,4595.0,7299.5,17411.4,363.0,350.40000000000003,7644.200000000001,2685.0,1400.9,3826.9,13107.900000000001,5458.900000000001,581.8000000000001,15681.3,1343.8999999999999,1115.5,8691.699999999999,1580.1000000000001,13088.699999999999,3723.8,8584.6,653.3,3830.4,367.9,20722.4,3779.6,6617.3,5595.1,7595.5,27203.4,13918.4,673.6,1936.9,678.5,4391.6,17700.399999999998,7245.7,1685.6000000000001,1557.1999999999998,1017.4,1955.8999999999999,1759.0,2556.8,11817.0,7344.900000000001,1007.1999999999999,3179.6,10668.5,407.7,4639.599999999999,1341.6,3085.2,3002.5,5012.1,2882.2,844.3,1327.6,3926.0,7436.2,6890.7,1717.3,7286.2,4736.5,10932.5,1950.9,3329.1,1155.6999999999998,8663.4,6284.8,7565.0,6092.7,23558.8,14318.1,12448.5,10279.2,12874.1,6131.200000000001,4066.9,6751.0,1605.6000000000001,13863.3,16499.1,5936.299999999999,3667.8,1407.9,1519.5,11610.1,1656.1,14134.0,8521.1,8124.4,10121.4,2829.0,20464.0,654.0,8170.0,2070.0,642.0,5930.0,4239.8,824.0,5031.5,4375.5,2503.6,7278.0,14679.7,5988.5,13768.1,1909.4,1271.3,8983.0
535.9,3704.1,14567.9,17183.2,2506.1000000000004,6992.4,13495.900000000001,927.7,393.9,12142.1,7271.1,1527.8,3539.1,8240.8,9460.7,5776.9,20118.0,5496.5,1009.0,8001.099999999999,1473.3,7651.6,7699.7,9949.0,732.8,2855.3,287.9,19631.4,2783.8999999999996,4534.3,12816.2,8718.2,11727.9,17838.3,637.0,1354.6999999999998,468.2,6716.7,7532.3,8226.3,1464.1000000000001,3896.8,1227.0,8370.0,1172.3000000000002,5521.9,12786.1,3480.9,1355.1000000000001,2513.0,12063.0,353.40000000000003,11858.0,6816.799999999999,2280.8999999999996,2368.3,4474.2,1886.4,2153.3,1348.9,6712.9,6596.400000000001,5544.0,3785.0,9494.6,10626.9,4454.2,2088.5,2808.8,1300.0,7291.799999999999,4833.700000000001,5764.799999999999,5443.4,21685.2,12540.0,10595.7,20379.7,16566.8,4724.9,1935.3,4218.2,3003.7,11911.8,11774.5,5466.2,1787.4,1033.3,3958.4,17311.5,1224.0,8658.9,7519.8,11161.4,17521.0,3026.0,16611.0,622.0,11580.0,1628.0,1217.0,11321.5,5969.2,1089.0,4434.9,8581.5,2789.1,6269.0,18231.8,3555.0,13409.800000000001,5890.799999999999,2860.1,4698.3
1754.2,3955.7,8144.9,17199.0,2527.2,5447.5,13645.699999999999,8188.2,314.8,11926.8,7766.0,3603.7,1965.8,9960.800000000001,9784.0,5786.2,18436.3,6378.2,895.1,11110.0,1174.6,6991.299999999999,8622.5,15373.300000000001,961.9,2779.0,458.5,17507.9,1647.6999999999998,10208.4,11482.0,13741.0,10536.699999999999,14484.5,5922.0,998.1,320.4,5477.9,7396.5,5727.0,1269.6,8631.1,1084.6,8703.9,6110.299999999999,6962.2,11416.3,2232.4,3397.0,2765.8,10409.800000000001,1126.4,7720.4,3426.4,1240.5,2050.2,2163.6,2038.0,8684.8,1467.1999999999998,6765.2,5586.0,4737.8,4855.6,10680.6,9832.8,4367.2,4971.2,2700.4,901.5,3636.0,4275.200000000001,3190.2,2972.8999999999996,18679.5,20420.2,13386.5,17975.6,10551.3,5835.200000000001,1319.0,4434.4,5385.8,12170.0,5478.5,8987.5,1180.9,858.2,3823.8,11478.9,4494.2,5352.2,11430.8,11234.2,10188.8,3309.0,14789.0,2220.0,9762.0,2953.0,991.0,9685.3,4214.5,767.0,3976.7999999999997,9687.800000000001,7017.099999999999,7140.0,22226.0,3835.2,10774.9,3883.3,3567.7,8078.6
3999.7999999999997,2330.6000000000004,2553.4,11229.7,2802.0,11160.8,13705.4,12423.0,366.4,11822.6,10976.6,7569.0,2687.6,7275.1,7289.0,7242.0,11671.900000000001,9090.6,1388.4,13742.5,1262.4,7794.400000000001,7211.2,16417.9,1304.6000000000001,5473.4,1023.3000000000001,16946.8,1025.3,6893.599999999999,4165.9,9550.6,7711.099999999999,12373.9,8807.7,1094.1,191.9,4164.1,3776.9,5559.4,1213.5,9534.7,2237.0,11135.800000000001,4088.6000000000004,12845.3,7260.3,2155.2,3247.7,3448.9,7534.5,1076.2,4208.099999999999,2261.2999999999997,1100.2,2890.7,2945.7999999999997,1502.5,8800.8,1401.8,4801.0,5599.9,3352.7,6641.9,13849.900000000001,5082.2,7454.9,9546.6,2816.8,563.4,2311.2,3697.2,2528.1,3977.3,11225.4,18062.0,8655.4,15724.5,11317.6,2447.5,1102.2,17365.7,3555.0,17825.8,9056.5,11339.699999999999,941.2,1144.7,3288.2,7569.7,5934.9,5587.3,17958.3,9741.2,8807.1,2395.0,13877.0,4334.0,3542.0,4644.0,2645.0,4840.200000000001,2918.1,564.0,3576.8,9627.300000000001,4087.2000000000003,4666.0,27884.1,5027.5,12118.099999999999,5191.0,6916.5,12931.5
3709.4,3658.2000000000003,1886.1,7094.700000000001,2863.5,10028.7,9882.9,15690.0,454.4,10160.2,7383.400000000001,6634.4,2553.9,7138.200000000001,13460.8,6223.6,3537.0,7778.299999999999,7719.7,15594.0,5996.7,7121.2,9813.6,9316.3,1353.0,8095.099999999999,1450.7,24646.899999999998,755.5999999999999,4029.8,2753.9,9642.3,7409.5,8574.5,7618.7,875.5999999999999,240.8,2475.5,8967.4,6877.099999999999,3184.9,8631.8,1802.7,8863.7,1942.5,13158.900000000001,10441.1,2424.7,6458.5,3612.5,5123.1,1902.3,8828.2,1693.3000000000002,3245.7999999999997,1989.8999999999999,4256.3,3629.7,4572.7,2283.0,8592.4,7646.299999999999,8306.4,18027.2,13152.3,8494.5,5655.6,5963.0,2136.1,761.5999999999999,2701.8,8953.8,3450.0,9207.900000000001,6423.099999999999,16517.9,4421.2,8365.9,8107.900000000001,2470.5,2195.5,28894.199999999997,4790.5,34481.4,11267.6,10005.0,3105.8,1169.5,3615.2,15969.1,5772.1,14366.1,11649.1,12000.7,6031.6,1819.0,14163.0,2409.0,3548.0,5752.0,1234.0,4644.5,3195.9,1231.0,4059.5,9647.0,4731.400000000001,2894.0,30292.3,3584.8,8653.4,9042.0,5063.099999999999,9807.5
3399.7000000000003,3415.2999999999997,5389.2,11815.6,3165.7,10986.8,9571.3,17779.9,562.6999999999999,10815.7,4397.7,6202.0,2303.7,12654.800000000001,19828.4,6037.200000000001,2152.2,7079.099999999999,7320.3,13604.1,4343.099999999999,6834.1,8892.599999999999,8608.9,1694.1999999999998,8548.6,3129.0,21621.3,1067.6,4119.9,2866.8,14402.7,9991.099999999999,10063.8,6024.0,718.6999999999999,335.2,4577.599999999999,12956.1,7855.599999999999,8338.4,11235.8,4893.5,4977.8,3731.6,22695.699999999997,12618.4,2465.5,4303.1,5823.9,5535.200000000001,2583.3,8477.6,1299.0,4403.6,1512.1,3663.8,8637.199999999999,13182.0,2440.6,12311.5,15259.7,4799.4,26287.800000000003,12741.6,7757.9,4067.8,3376.1,2657.5,3103.3,1257.1000000000001,7882.6,3345.1,14511.2,11163.800000000001,15205.5,4344.2,6717.7,5869.700000000001,3568.2000000000003,1492.6,19196.3,7844.9,21424.0,9070.1,9794.2,4133.3,1596.1,6902.7,13780.4,5599.5,7908.8,7995.3,13520.1,7777.3,2346.0,18740.0,2433.0,5082.0,4621.0,1096.0,5167.5,5924.1,3311.0,2267.3,6711.9,8557.8,2424.0,21541.600000000002,3301.8999999999996,13328.699999999999,6412.200000000001,5056.3,6827.9
2710.9,9294.900000000001,8175.3,7893.7,2628.3,12781.9,10035.6,8579.4,551.1999999999999,6200.2,9925.7,12663.0,5171.5,15817.9,20341.4,8889.6,4157.7,4340.200000000001,4369.4,16238.0,4991.299999999999,7124.9,8635.1,9110.1,2138.1,8589.6,3826.1,10703.3,2270.1,10043.0,7683.6,12197.3,14434.5,12972.6,6114.099999999999,2944.8999999999996,335.2,8621.2,8412.7,6532.6,9268.8,19358.3,5795.5,5596.599999999999,11489.800000000001,19430.2,10094.9,2415.2,3307.2,3852.7000000000003,12265.5,5192.3,8049.2,1314.6,1790.5,1688.3,2217.2,9322.5,13680.1,2509.5,7556.1,14288.5,8112.599999999999,17279.7,12522.5,8960.0,5910.4,2459.1000000000004,9104.6,6626.5,1304.2,7036.4,4599.8,9794.6,10067.699999999999,16074.5,10176.3,10970.5,5158.6,5762.3,2191.5,8634.800000000001,10013.1,13698.1,5493.4,11992.8,3130.5,3786.9,9416.1,9224.1,12503.6,8019.4,5644.2,8077.7,6422.4,3661.0,21039.0,5201.0,5005.0,3867.0,2520.0,5744.1,11774.8,2714.0,3739.0,14408.1,7887.7,9856.0,9268.5,2396.6,4746.2,5019.7,10082.900000000001,12648.5
2966.1,9138.5,6410.6,5400.5,1684.1,12794.900000000001,9362.699999999999,8704.3,458.20000000000005,6123.2,12623.4,15767.400000000001,8738.8,18094.0,9139.4,7992.0,2582.0,7716.7,4241.2,16153.5,6295.4,6189.1,7379.3,11539.1,1877.6,5747.299999999999,3161.8999999999996,8618.2,3111.0,13131.2,15980.400000000001,6666.9,8985.8,10068.7,5800.6,5694.7,498.40000000000003,6933.3,6610.9,11413.4,7058.3,13751.0,3321.7,8068.700000000001,9324.5,13309.5,5384.3,2453.1,4959.9,4448.9,12784.300000000001,6837.4,7017.1,2354.8999999999996,1474.5,1120.1,4040.4,7784.200000000001,9893.199999999999,1953.0,3894.2,10444.2,12357.1,11310.4,17312.4,5094.2,4702.1,2219.8,8852.3,6394.0,5247.5,7108.8,3423.4,14111.0,14914.5,16641.9,14566.4,11561.3,10258.9,5870.3,5164.0,6564.4,11837.0,7366.5,5402.5,10512.3,6188.4,5797.3,5300.0,9559.5,12037.2,11251.4,6001.4,9465.2,3416.9,4826.0,8945.0,2687.0,3348.0,7484.0,2572.0,4741.3,9812.0,3301.0,6269.3,33716.2,8366.2,10859.0,6372.0,5446.0,3552.9,8395.6,8822.2,11137.1
8081.099999999999,3820.0,4113.900000000001,7556.0,2439.1,10689.3,7044.5,14483.300000000001,725.9000000000001,6503.0,8203.9,10833.7,10028.8,12581.8,7626.0,5095.6,2254.4,7263.3,4182.0,13079.8,5698.299999999999,5349.1,9615.699999999999,13656.2,2299.5,4370.2,4043.2000000000003,11136.2,4248.0,9370.0,15510.9,9056.1,4565.400000000001,8691.5,7427.900000000001,2779.7,548.3,6062.2,6107.2,12170.0,7315.2,9130.7,1938.7,5772.2,5031.2,18051.3,8257.9,3940.0,3932.5,2734.2,8340.6,5335.2,6641.6,2154.3999999999996,1793.7,989.4,7014.7,5038.1,8884.8,8922.1,4375.2,11060.199999999999,14037.5,12948.2,19232.7,3647.3,4215.8,1926.6,11234.7,5260.8,6536.7,8663.400000000001,2244.8999999999996,10108.5,19118.3,18264.2,9628.3,4977.200000000001,15568.400000000001,4113.6,7895.099999999999,5761.099999999999,5880.2,12370.7,14015.400000000001,15388.4,6500.9,6298.2,3922.9,6709.2,15446.3,15251.6,5285.6,9209.7,3534.8,4374.0,4081.0,1777.0,4807.0,4813.0,3039.0,4143.7,5955.5,3727.0,8817.2,19208.899999999998,9606.0,8512.0,5530.2,6100.700000000001,4263.6,11183.3,5624.0,7494.2
6769.6,2297.7999999999997,2339.7,8608.1,3548.4,16071.1,4284.7,10721.5,777.8000000000001,4534.9,11163.1,7329.0,5643.0,5798.0,7131.700000000001,3663.2,1988.5,10991.0,2015.6000000000001,10276.5,5443.9,3436.1000000000004,6598.599999999999,9660.5,1407.6000000000001,3063.6000000000004,8660.1,8440.4,6390.5,6164.8,5603.5,16374.300000000001,5780.7,5211.9,4893.4,2178.2,1680.6999999999998,7076.3,3983.7,7083.3,4455.7,6637.0,1280.8,10504.1,2831.7999999999997,17937.0,14826.800000000001,2823.7,4723.0,1658.7,5054.8,9156.3,6702.8,3704.8999999999996,3700.6,1482.7,4434.0,4576.8,13269.7,10129.7,4134.2,8062.0,6897.8,14226.5,22738.4,6336.4,4344.599999999999,3914.8,12807.3,5484.5,3340.4,5317.5,4234.799999999999,12454.8,34031.3,16938.9,5936.799999999999,4623.5,11031.4,2549.5,3418.7000000000003,4866.9,8736.3,16209.1,10617.199999999999,12417.8,7187.2,6365.4,3327.9,5708.4,8749.1,12648.1,7109.6,5947.1,4308.1,4109.0,3282.0,1900.0,6076.0,3324.0,4417.0,11532.9,8429.9,2634.0,7456.0,11228.3,15698.3,7384.0,4053.1,4506.4,2826.1,7680.3,4205.0,11011.7
4062.6000000000004,2520.4,3495.0,7399.9,3967.2,17737.1,4552.700000000001,10022.1,574.8,2831.9,9345.800000000001,12655.2,3674.1,7092.200000000001,5968.0,2819.6,2271.8999999999996,11568.1,1317.8,9666.3,7202.5,2651.9,9088.8,6646.200000000001,1758.8999999999999,3154.6,8187.3,10516.1,6699.7,6477.799999999999,2561.0,19795.8,8450.8,3988.1,2914.2000000000003,1388.1,2101.1,4635.3,3810.6000000000004,8967.2,3837.6,4140.3,774.6,13723.0,2237.0,16222.0,7812.9,3523.7999999999997,4758.5,1529.6999999999998,3587.2,9694.7,7168.3,2440.3,4096.1,1481.3,4309.0,14690.5,12739.8,4138.1,3240.8,6028.0,5029.200000000001,21040.3,24778.4,5553.9,3071.5,8491.8,18413.800000000003,7404.4,3851.6000000000004,3122.4,2804.6,8596.8,25799.0,11379.599999999999,6606.700000000001,5335.5,10847.1,1731.2,2140.2,7056.5,11906.8,7829.0,5698.8,6449.3,7324.0,2647.2,9826.0,11775.6,7694.7,4950.0,9209.2,9330.5,3469.5,3926.0,4239.0,1584.0,6683.0,4311.0,5571.0,15894.7,12865.5,1426.0,5004.8,11744.400000000001,16902.2,5973.0,3187.8999999999996,8373.1,4524.9,4870.2,2596.0,9436.6
4371.1,9292.699999999999,10168.5,5546.099999999999,7924.6,16275.1,4473.200000000001,10937.3,593.6,2092.3,10545.6,12916.1,3182.5,5727.7,5407.5,3197.0,1814.3,11688.4,1669.7,5402.2,5022.700000000001,2373.1,7559.6,6905.4,3112.0,3179.8,4662.200000000001,9490.9,5994.4,5702.9,2365.7000000000003,18059.9,13302.9,7136.5,3003.2000000000003,819.4,3272.4,3181.2,3020.0,8370.4,3390.9,5919.5,794.5999999999999,13378.0,2598.2,15708.3,3910.4,3302.2,6865.2,7091.900000000001,3082.6000000000004,9766.0,4396.1,1817.1999999999998,2786.2,1719.1,4225.0,24043.6,10221.0,2429.7000000000003,4282.4,9912.599999999999,5116.900000000001,15615.900000000001,12708.3,5774.1,2802.3,8440.2,18035.4,14622.0,4859.9,8844.9,3521.7999999999997,6831.2,20624.3,7647.599999999999,15086.7,4741.9,18914.600000000002,4423.400000000001,2413.8,4678.2,8291.0,6744.5,5491.299999999999,16307.9,7190.4,2177.7,5247.2,9882.0,6875.3,3016.4,5824.2,9924.6,5150.6,2320.0,3908.0,2178.0,5814.0,5415.0,3593.0,13903.8,14108.3,1912.0,3368.8,10269.3,10060.900000000001,3579.0,3297.7,5777.2,10878.0,4245.0,2637.3,8306.6
4728.7,10219.0,5598.5,9161.2,7743.0,8929.5,3564.7000000000003,10892.599999999999,668.3,1746.3,7776.8,8755.0,2884.3,10603.8,7208.9,5583.1,1354.0,8109.200000000001,1911.7,4761.5,3560.8999999999996,2732.7999999999997,4649.7,12877.9,2513.1,6487.8,7281.299999999999,7039.8,7258.0,4694.5,2165.2999999999997,12139.9,24286.8,13297.7,9276.599999999999,766.0,3034.1,3514.3,3046.1,10688.1,3530.5,5450.6,599.8,9272.8,1511.1,7778.7,3557.9,5896.400000000001,5619.700000000001,9839.6,2602.6000000000004,9425.7,2816.9,3028.7,1854.1,2766.3,2923.3,15938.8,9235.9,1510.6,4066.5,12131.900000000001,4658.299999999999,10453.4,6490.0,6172.8,4327.400000000001,12564.1,15861.199999999999,8593.4,4377.6,10811.4,7463.9,11710.6,20358.6,6975.4,19523.8,9950.900000000001,17610.5,3246.9,3213.3,2997.5,7014.0,6293.6,4181.6,10557.5,6371.3,1745.7,11182.6,8153.9,4947.6,2545.8,3151.6,10248.3,7890.3,2062.0,2030.0,3275.0,5308.0,5409.0,6813.0,8672.8,9673.9,4816.0,3153.7999999999997,6326.2,10430.5,2875.0,5351.8,3567.6,8990.8,2784.4,2713.3,9578.9
5418.700000000001,6417.4,3049.7,17364.399999999998,6070.9,7619.0,2833.8,7073.0,1044.1000000000001,1680.4,6038.1,5345.8,7286.3,12446.0,6931.6,6919.4,1650.1,7997.299999999999,1495.9,6499.2,3633.4,6941.4,3913.5,11380.1,1590.6,4758.9,8041.6,6819.0,8080.4,3240.3,1630.3999999999999,7620.0,22321.699999999997,10667.2,4661.3,1456.7,1476.6999999999998,2801.7,2764.7,6069.6,3167.7999999999997,5226.7,622.0999999999999,8214.3,1152.4,5260.0,2862.2000000000003,5797.5,7373.400000000001,8973.1,2560.6,8107.200000000001,1833.0,3071.8,3034.8,3542.8,4931.0,11146.4,10467.0,1409.2,3688.5,7959.2,13039.2,16124.699999999999,11766.1,4502.9,12271.8,11976.699999999999,9627.7,5197.200000000001,9769.800000000001,6666.700000000001,3708.2,12927.3,13109.2,16813.7,13874.4,10382.599999999999,11102.099999999999,2014.7,3746.9,2026.8999999999999,4648.8,6087.4,2558.2000000000003,6604.6,5445.1,5402.4,10881.1,6137.8,3037.1,2129.7,5012.3,9816.2,3395.1,2243.0,1727.0,3346.0,5625.0,5236.0,10017.0,5723.9,10660.2,3392.0,5736.1,4158.0,18090.2,2878.0,13640.9,2328.6,7623.9,4336.599999999999,2261.0,7469.099999999999
3588.7,8428.1,4108.4,10104.1,3861.3,14596.4,4769.099999999999,7403.599999999999,1183.4,1558.1000000000001,7041.5,3859.6,5212.4,15020.3,11009.900000000001,4812.1,5643.700000000001,3943.0,1149.1,12547.599999999999,9905.9,8122.1,5209.4,7270.3,1767.6999999999998,3752.3999999999996,6967.5,6443.4,7587.3,2200.8,2523.3,8137.9,18881.699999999997,7899.3,2679.1,1228.0,1939.8000000000002,3428.4,2059.2,3061.3,4664.200000000001,8672.9,1190.2,5226.3,991.1,3740.1000000000004,2552.6,5581.7,7606.7,7411.4,6278.900000000001,8037.900000000001,1866.4,2225.5,6231.299999999999,4795.6,11064.8,5614.2,10406.0,1629.3999999999999,3546.3999999999996,4635.5,14134.199999999999,19133.4,12006.8,5100.7,11188.1,7426.0,9631.400000000001,3268.3,7121.900000000001,8997.4,2184.3,11428.6,12995.0,14122.800000000001,6785.4,7249.2,8754.7,2216.3999999999996,4336.8,3312.6,3855.8,6620.7,1961.8999999999999,4603.0,3819.2,6322.3,6460.200000000001,14327.6,1911.5,3162.0,4854.8,10389.5,2153.5,1657.0,3411.0,4352.0,6431.0,6169.0,7793.0,3394.7,8211.9,10564.0,6687.0,3227.9,9569.2,3617.0,10451.5,2362.8,3784.6000000000004,4786.799999999999,1672.6999999999998,7246.299999999999
2147.8999999999996,5846.0,10959.1,9319.5,2923.6000000000004,16335.5,10185.900000000001,5721.700000000001,759.5,1545.6000000000001,7087.700000000001,2459.2,4559.6,15926.2,11445.5,2770.6,4495.9,3814.7999999999997,980.1,10423.8,10167.1,11629.699999999999,6045.200000000001,5258.7,2314.9,2514.4,7208.4,9694.5,6139.900000000001,2398.4,9173.2,7682.400000000001,14256.900000000001,6502.5,2137.4,832.4,2196.6,3428.4,1973.7,2074.0,5016.6,4896.0,2778.7999999999997,6534.0,3164.3,2729.1,3984.5,7425.0,10032.6,5325.4,12977.4,9883.2,5946.299999999999,1956.8000000000002,8688.099999999999,8105.2,20551.7,4893.6,18265.6,1308.0,2768.8,4286.3,7235.099999999999,17119.100000000002,13893.5,5358.7,8471.5,5800.5,10480.300000000001,2645.1000000000004,3774.9,7506.8,1085.3,10963.7,11131.1,7296.6,6724.799999999999,7650.0,9446.8,1363.6,6462.4,4824.5,2493.4,6318.1,3135.2,4832.2,2803.5,2523.1,5400.5,17451.5,1726.3,3485.2,5052.3,11737.2,3170.0,1592.0,4461.0,2195.0,6033.0,5604.0,5045.0,4271.700000000001,7422.3,4787.0,4881.5,2921.8,6050.599999999999,6494.0,10844.3,6029.0,3266.0,5515.2,3081.1000000000004,4924.8
1435.2,5682.6,17501.6,5647.400000000001,3324.2,18368.5,15213.6,6079.7,1355.3,1174.4,7330.9,1913.2,6462.5,11008.0,9739.3,2513.9,4647.2,2773.6,1514.8,8694.0,8458.9,17504.3,4388.5,4192.8,3443.6,2543.7,3982.6,9964.4,5555.7,4475.2,11161.7,11028.900000000001,11400.3,7614.2,1646.0,622.6999999999999,2660.8999999999996,4855.0,3316.0,3044.8,7480.3,5776.700000000001,1891.8000000000002,5629.6,6538.1,2169.3,3696.6000000000004,6861.7,8694.1,8317.5,13340.4,11761.9,12686.2,2960.5,11320.6,7908.400000000001,15379.0,7902.200000000001,17335.0,1367.8,2109.6,2753.0,4702.1,24169.1,8058.5,6675.599999999999,7610.0,4786.6,5472.3,1573.8,2275.0,7482.3,1758.1,8580.9,4762.0,4579.2,6499.3,7365.4,9181.7,1028.1,6792.4,3474.3,1926.6,5328.8,2823.0,4760.4,1611.0,6472.4,4093.8,16680.2,2893.6,3403.2,12501.0,7860.4,4609.3,1716.0,5722.0,2601.0,4222.0,3830.0,7283.0,7923.200000000001,9712.3,2128.0,9326.0,10762.3,3645.8,8313.0,7349.099999999999,11311.7,4306.8,4671.2,4986.1,4202.0
1797.0,4585.5,14171.7,3782.7,6655.5,17378.3,18367.6,5804.3,1973.3,3883.5,7710.599999999999,1952.0,3688.4,9336.5,7332.4,7602.200000000001,5454.5,5663.900000000001,2435.0,15489.1,8158.0,11136.5,5265.1,5381.7,2617.2000000000003,4796.900000000001,4944.4,5887.0,4000.6000000000004,4432.3,11252.0,10754.2,6392.5,4399.599999999999,1833.6999999999998,1117.5,3595.7,4252.7,3255.4,3344.2,4631.0,5265.5,2799.3,5732.4,8552.4,5407.7,4278.5,2877.0,14276.6,10845.4,9273.300000000001,10135.2,11751.2,8862.1,9946.7,6386.5,18528.300000000003,11497.9,14007.6,1721.1,2167.1,3799.7000000000003,5305.5,22587.5,9642.5,4258.8,11318.800000000001,6659.2,5336.7,2540.6000000000004,3192.2000000000003,4403.9,6188.0,7122.6,2651.7000000000003,2710.0,9144.1,3912.2,8133.700000000001,1881.4,7138.700000000001,7898.2,1698.0,5693.3,1360.0,2899.2999999999997,2125.8,5516.9,3754.0,14416.3,5698.8,4139.8,10302.0,10804.7,4819.9,2589.0,11500.0,2852.0,2784.0,3814.0,10538.0,8622.0,8177.4,1845.0,4268.6,15965.7,3112.1,5916.0,12026.3,10929.599999999999,6087.5,3707.7,9066.6,3550.3
5177.9,4858.3,8469.8,4771.0,6766.9,14567.7,14060.0,4751.2,1914.0,5793.4,13684.1,5219.8,3398.1,12005.2,7281.0,6606.4,7345.7,6189.799999999999,4196.5,20161.600000000002,9783.9,5820.6,10144.1,11471.3,2785.2999999999997,6508.2,6762.3,3199.0,8432.0,3620.3,10045.9,7178.5,5802.7,4159.5,3685.7,1367.8,6101.0,4448.799999999999,5094.4,6595.5,6200.900000000001,6982.6,2238.5,4771.6,10491.4,15108.1,5875.7,5725.400000000001,13839.599999999999,9712.7,7604.3,9637.6,12986.8,12334.900000000001,7055.9,4673.3,22322.4,13261.2,12116.2,3310.3,2916.7999999999997,3655.5,6402.1,17907.3,13681.6,7972.799999999999,16227.300000000001,3847.3,8103.8,10574.8,3814.7000000000003,3245.7,7626.799999999999,10643.2,3569.2999999999997,5247.6,14558.0,7937.7,6752.200000000001,6095.6,15402.5,9090.3,2813.1,4819.7,1225.1,9029.4,3348.3,6426.3,2261.9,11938.1,6308.8,17312.0,6297.1,18038.2,2612.7,2748.0,8675.0,3185.0,4815.0,5053.0,16219.0,9322.8,7534.1,3027.0,10759.099999999999,10143.4,4935.6,4195.0,11679.900000000001,5462.099999999999,4653.799999999999,4402.7,9378.1,2563.1
6037.8,6154.299999999999,9066.699999999999,6589.8,4802.0,9833.0,8682.2,7070.900000000001,1542.9,14433.0,8324.0,10831.8,9204.5,7344.400000000001,6977.4,4501.700000000001,13135.0,12547.9,9730.1,22520.600000000002,18881.8,4072.7,6400.2,9986.5,6868.099999999999,4358.0,10016.300000000001,5512.7,14253.6,3191.5,8129.1,4944.2,7847.0,4476.1,6919.4,2884.7000000000003,8606.9,4432.4,12621.699999999999,16381.5,6189.4,6259.1,1863.5,4358.8,14043.3,15834.199999999999,3827.1,15189.2,10607.199999999999,5989.9,7801.3,14247.1,14694.9,9006.3,11173.1,2819.7,14679.8,11132.4,10712.9,5729.700000000001,4300.4,2978.4,3843.1000000000004,20007.8,10441.8,9793.7,15330.6,2153.1,8031.3,3560.7,13550.3,4622.799999999999,7862.2,11280.1,13229.0,15034.599999999999,10929.6,10461.9,5980.0,12470.5,14530.199999999999,10553.7,2777.1,5278.4,5291.9,5106.5,3161.2,5516.6,2329.0,12538.9,2698.1,15168.4,4073.7,20404.3,3690.2,3364.0,7506.0,3344.0,11163.0,3151.0,10346.0,9394.0,5572.0,4584.0,8062.4,8289.2,8545.5,3025.0,7919.5,5646.6,3381.7,3735.8,6045.7,2368.5
6479.9,5479.400000000001,8869.0,4118.9,4919.700000000001,15705.3,6198.9,7258.1,1691.5,17813.2,11595.0,13350.5,17220.2,6655.6,6456.5,3656.6,14513.0,17206.6,8821.5,17301.6,19709.5,3949.1000000000004,3572.1,10360.699999999999,6705.799999999999,3478.6,7125.3,12229.9,10603.3,5429.8,7781.400000000001,7164.1,6353.8,5323.0,3901.5,6128.1,5029.5,6613.7,10667.8,14178.4,13238.4,4970.099999999999,1841.1,5497.5,21527.4,13966.7,1882.7,14326.0,6061.5,7015.6,10867.3,14542.0,14922.6,3260.5,14753.300000000001,5463.3,10414.900000000001,5797.2,11198.7,7926.900000000001,4041.1,7282.299999999999,2322.3,20316.3,7872.9,5250.7,13736.8,2834.6,3607.7999999999997,5332.4,21183.600000000002,11202.199999999999,4250.1,10296.0,10907.300000000001,18501.1,5630.1,9368.6,8756.0,11059.8,11551.099999999999,11945.900000000001,1722.5,8370.4,8956.6,3393.0,10717.3,6670.2,6410.7,9403.4,1968.7,10487.9,14265.2,14414.4,2036.5,5433.0,8662.0,2649.0,11655.0,2277.0,11395.0,5947.8,5777.6,3590.0,9546.4,20823.399999999998,12777.0,1972.0,5508.2,12307.0,3983.3,2923.3,3942.6,2009.0
3825.0,3073.5,17248.8,2484.5,9669.699999999999,11959.4,9057.5,8209.7,2025.5,12382.5,11552.1,8754.4,15324.0,5552.3,6338.0,2263.9,10055.1,16587.6,6528.2,14004.5,20410.0,3162.7999999999997,3587.0,14790.2,9888.6,4979.2,12507.1,15956.8,5760.900000000001,3070.6,5157.9,10122.1,10729.3,9289.7,3580.7999999999997,8342.6,2456.1,15171.6,6604.3,10314.0,14402.0,3187.6,4438.1,9886.1,20092.5,12254.1,2138.0,13782.2,9963.400000000001,12134.1,10664.8,12247.8,17702.9,2259.2999999999997,17055.4,5136.9,10454.1,10700.1,13903.800000000001,8757.8,2226.5,5656.2,2027.5,14634.0,7174.7,2507.2,11750.6,3069.8999999999996,10920.4,3215.4,24345.5,8387.3,3131.9,9386.4,5961.4,13486.6,3467.8,9757.6,6131.7,5931.5,6888.1,10114.1,1786.8,6622.8,9962.1,6420.7,12570.6,6159.6,12999.9,8946.9,6263.8,6928.2,18424.0,23947.2,2705.1,2874.0,13511.0,4355.0,11910.0,5110.0,13158.0,3891.0,7804.4,23393.0,5315.4,21874.0,16929.9,2026.0,4159.0,12204.900000000001,5698.299999999999,2152.2,5777.5,3224.6
4663.7,1969.7,17842.2,1857.0,12601.5,11905.099999999999,5766.299999999999,3511.0,1331.5,6254.200000000001,7775.3,9017.7,6951.6,5231.5,5176.6,1322.4,4420.7,9583.0,5624.700000000001,12412.5,27115.8,4299.599999999999,2817.0,9697.800000000001,9819.7,4910.4,22063.6,15429.6,6214.599999999999,1917.3,8087.900000000001,7236.1,6113.0,6165.900000000001,4526.8,7286.4,1898.1,12774.4,5520.1,4776.6,9469.3,5879.599999999999,13009.099999999999,10345.7,10154.8,14956.900000000001,5369.8,6274.700000000001,8554.599999999999,8094.4,14737.4,10241.0,11545.1,1741.6,17715.300000000003,2561.6,7281.0,11630.2,17367.0,4013.7999999999997,1564.5,6533.5,2807.8,6244.2,6159.0,1080.4,5043.099999999999,3571.2999999999997,8978.8,3055.8,16854.5,9650.4,1742.5,7018.6,10507.5,15571.0,8692.8,6632.900000000001,9612.5,2499.9,4868.200000000001,13065.199999999999,7330.9,3300.5,5597.299999999999,7503.799999999999,6968.8,10034.4,25591.4,8488.1,9796.5,11638.9,15487.8,28331.0,2726.5,6738.0,12306.0,3758.0,13662.0,9840.0,9377.0,3701.0,8904.2,16138.0,3767.1,11511.8,22946.2,7429.0,11146.0,9966.6,6843.700000000001,1583.5,8739.800000000001,10027.7
5573.0,1448.3,9744.8,1817.1,7014.8,12978.599999999999,3625.7999999999997,2004.2,1043.7,5698.9,8647.699999999999,6253.8,3621.8,2518.3,5162.099999999999,969.9,5384.099999999999,4267.3,5407.9,13695.5,24881.199999999997,5596.3,1596.5,7874.900000000001,4152.2,5134.3,21980.800000000003,5043.8,5117.5,1442.0,6003.3,4356.5,2799.8,2997.1000000000004,2878.2000000000003,4826.9,1609.1,10060.8,3356.2,3041.8,5201.0,12840.0,12489.699999999999,7616.299999999999,16051.9,17715.7,3778.7000000000003,5427.0,10784.8,3532.6,11414.6,10899.0,17462.5,2418.6,18681.8,3579.1000000000004,8569.7,8491.1,12712.099999999999,4387.2,2273.7,6066.5,2042.9,9428.6,7558.2,1150.4,3118.7,5880.2,8251.3,2936.7,13749.6,15404.5,1653.3,11736.0,11100.9,9725.300000000001,5981.4,3649.6,4806.200000000001,1512.2,3907.1,16459.3,6726.0,2725.9,8456.5,12291.699999999999,4348.1,9415.6,29266.2,6183.7,10118.7,16871.3,11495.9,21686.6,4249.7,8081.0,12857.0,3866.0,11130.0,11661.0,6969.0,3394.1,6428.0,11310.0,3241.5,9501.0,18922.2,14913.0,13243.1,9569.8,7183.900000000001,1520.4,5794.6,6876.7
2548.0,1352.8000000000002,4053.0,3076.7000000000003,7798.5,11474.9,2666.3,1724.4,918.0,5348.0,10089.800000000001,3215.1000000000004,3299.4,1651.5,8634.800000000001,823.2,5267.8,2096.3,8353.2,16833.7,16839.9,6521.2,1618.5,8500.6,4542.3,9185.199999999999,10890.5,4174.5,2664.0,2954.7,5109.9,2691.6,2405.3,2742.5,1735.7,3782.7,1333.1,7222.9,2211.5,7305.3,2705.8,9019.099999999999,5623.599999999999,4029.1,15898.9,17455.4,1735.4,3736.7,11228.8,2234.9,11274.300000000001,11569.800000000001,20202.1,1819.6,20845.3,3321.3,13597.2,8653.2,9036.3,9937.699999999999,3862.1000000000004,7297.4,1293.7,14680.3,4424.4,3059.6,8078.9,3988.3999999999996,4603.6,6437.6,19097.1,14688.9,2179.2,20019.7,5445.3,7613.0,3965.3,11895.3,4653.1,3493.0,5526.3,9572.4,3383.0,4541.5,13097.8,13570.300000000001,4233.0,7038.8,20865.0,6596.8,3931.5,13891.7,9251.8,17991.0,8563.9,6930.0,8494.0,3060.0,9166.0,16021.0,6522.0,2428.0,5684.6,9312.0,10530.199999999999,10635.0,13928.199999999999,15307.0,13103.5,5475.599999999999,9251.900000000001,1295.0,3835.2,3928.5
1647.7,1078.3,3052.7000000000003,4732.6,6198.5,9333.3,2115.9,1400.1,699.7,3495.4,10602.5,4298.5,2500.4,1980.9,6067.7,835.8,2517.9,1825.1,8151.0,10030.3,8062.0,3354.0,1951.1,4252.5,9642.7,6937.9,4518.7,3232.7,3383.5,4370.1,7686.9,2526.9,4666.2,1624.1,1857.1000000000001,3498.7999999999997,2527.9,3663.3,1725.5,7425.8,1572.3999999999999,2642.3,3663.1,3139.1,12843.699999999999,7512.599999999999,1466.0,2645.6,7500.0,2228.6000000000004,12556.7,8461.8,16622.0,1722.0,20590.9,2863.6000000000004,9228.5,8207.4,5215.7,14454.6,10055.599999999999,4339.0,1113.4,12550.8,3359.3,1907.0,5363.5,9977.4,4104.2,5791.1,14608.0,10005.199999999999,4250.0,22295.9,6107.2,9492.900000000001,3876.2,20078.7,4273.9,3160.8,4892.6,9917.4,2294.3,8780.3,6378.1,8812.9,5181.3,6864.8,24029.3,3288.7,3294.1,7953.9,6243.4,14592.8,4009.0,9617.0,5726.0,5226.0,11659.0,18971.0,12024.0,2171.5,4361.4,10036.0,10585.1,10692.8,10224.900000000001,11764.0,9458.1,9292.1,15857.1,680.9,2901.4,3285.2999999999997
1143.8999999999999,855.1,3344.7000000000003,4320.1,3912.6,6917.1,1541.0,1072.8,408.6,10112.900000000001,13007.3,4522.7,1671.5,1661.2,6611.4,1004.7,1789.0,1623.7,15460.5,5626.5,3332.3,3074.4,3454.2999999999997,2889.5,4357.099999999999,4086.2,2994.4,3703.4,6239.6,2224.6,9329.0,2800.2999999999997,9435.5,1083.3000000000002,1543.0,2315.1,4603.1,2880.5,1177.2,4419.5,1261.1,2734.5,10020.5,2677.0,5784.5,3361.1,1144.0,1660.1,3438.2000000000003,4600.5,7758.4,5176.1,9892.6,1492.6,24686.0,1391.9,5240.6,7435.0,4576.9,11178.3,12975.800000000001,1881.6999999999998,998.5,13232.099999999999,2067.0,1874.6000000000001,3463.7,9547.2,6818.299999999999,4754.2,10838.1,6741.2,4247.0,24674.3,6691.799999999999,12656.0,2362.2,16796.2,4821.900000000001,1537.5,2921.2,15998.3,1534.1,4845.5,11001.5,9991.4,2976.3,6469.7,29753.5,2464.6,2927.2,5193.8,7837.5,10240.3,3659.5,9807.0,3656.0,4245.0,7882.0,10807.0,16223.0,1712.2,3332.9,4228.0,13634.6,6577.599999999999,18629.899999999998,6971.0,6528.2,8185.700000000001,13856.4,663.9,1610.6,2477.7000000000003
1021.1,732.1,5353.599999999999,3163.8,3751.6,7580.0,1764.8,878.2,378.9,5385.700000000001,20542.8,3809.0,1284.3999999999999,1309.4,5276.6,753.7,2342.1,2227.0,17368.2,2949.6,1626.0,3849.6000000000004,3044.5,2698.3,1876.1999999999998,2799.0,2986.7999999999997,2307.3,8935.4,1882.7,5764.7,7319.099999999999,10559.3,868.5,1572.5,1728.1,4355.8,4787.1,935.2,3151.7999999999997,924.0,5719.099999999999,9579.6,2628.8,3171.2000000000003,2001.5,783.2,1021.2,2532.5,9846.300000000001,3074.3,4161.900000000001,4366.3,1489.9,10753.9,1082.0,4491.099999999999,6457.7,2343.9,3478.8,5741.6,1423.0,659.1,10213.800000000001,1876.6000000000001,3628.7,3772.2,3567.3,7672.099999999999,10139.9,9521.4,7431.099999999999,2542.1,21066.399999999998,6208.7,8503.4,1131.5,14471.5,3338.6,1989.2,2826.7000000000003,17996.8,1984.0,3333.2,14449.5,6439.1,1832.5,4863.3,20371.3,2043.4,1611.6,3804.5,5816.1,12416.2,10826.7,6771.0,2415.0,6370.0,10207.0,4873.0,31791.0,1499.4,3294.7,2474.0,12195.2,4475.0,15960.199999999999,3710.0,4174.0,8095.0,7703.9,579.5,1416.6000000000001,2025.7
1335.9,638.7,7005.599999999999,2248.9,2213.7,14597.2,2187.4,879.2,330.0,5295.8,20796.0,3466.2,1120.3999999999999,1023.9000000000001,8719.800000000001,797.0,4126.5,5042.5,5863.0,1858.3999999999999,1599.9,3905.2999999999997,2131.1,2561.7999999999997,1363.1,1903.0,2772.7,1447.7,4309.7,2326.6,5845.3,7530.799999999999,8530.699999999999,810.5,1261.1,917.9,5199.1,4787.1,913.7,3283.8999999999996,907.4,2689.3,6107.4,2224.1000000000004,2202.2,1341.6000000000001,695.4000000000001,782.1999999999999,2528.8,9257.699999999999,1887.1000000000001,2180.6,3498.8,1531.6,12634.7,1379.5,2860.6,3570.2,1705.7,2145.1,3547.8,960.5,440.20000000000005,6303.0,1492.5,3644.4,4107.599999999999,2558.3,6206.900000000001,18400.0,5805.200000000001,6105.2,2086.0,13708.0,3790.4,3764.0,976.5999999999999,17078.4,2067.0,2132.6,2325.0,9252.0,2754.9,2559.4,9179.1,3852.0,1226.9,2363.4,10333.5,1582.8,1044.2,3412.8,3813.0,14311.8,8254.5,3241.0,2463.0,5625.0,4835.0,2852.0,33164.0,1343.1999999999998,2901.0,1957.0,10576.9,10251.4,10118.2,3483.0,3859.4,9026.699999999999,5069.3,1653.6,1364.1999999999998,1612.0
1234.3,712.4,11620.9,1391.5,1687.0,19409.1,1975.0,1313.8000000000002,233.6,2919.7,13187.6,2967.3,978.3,984.8000000000001,7009.5,739.9,3404.6,5325.099999999999,2442.5,1570.7,1290.2,3348.2999999999997,1478.0,2378.0,1024.3,2535.9,7954.299999999999,1108.7,2448.3,2631.6,10008.9,16328.8,6665.400000000001,753.5999999999999,826.9,672.5,8710.4,5757.8,858.3,2257.1,866.2,1803.9,4381.3,1503.7,1700.6,1010.4,924.1,698.9,2116.0,10981.4,1954.1999999999998,1734.8,5668.5,1290.0,14453.4,1005.0,5530.7,6151.7,1766.2,1378.8000000000002,2356.7,789.1,472.5,8311.3,1405.1000000000001,4856.5,3044.0,4930.0,5582.3,11910.3,9672.3,5505.7,3727.6000000000004,8415.4,1769.1999999999998,2669.6000000000004,796.0999999999999,12589.1,2353.0,1343.4,2091.8,6269.299999999999,2920.1000000000004,2911.1,10149.800000000001,3904.4,737.0,2195.2,6369.6,1239.2,830.5,3707.9,2584.8,25301.8,4841.4,2817.0,3574.0,2906.0,3193.0,2531.0,26894.0,1560.8999999999999,1972.2,2280.0,5622.8,6837.4,10204.699999999999,2933.0,3058.3,7752.2,5750.400000000001,2935.5,1337.6,1260.0
878.5,587.0,8461.8,2344.8,1287.2,15728.0,1563.2,2096.2,265.5,2245.0,5266.2,2634.0,769.7,787.6999999999999,9831.7,705.4000000000001,3797.2,4051.3999999999996,1577.5,1457.9,1425.8999999999999,3235.0,910.0,1950.8,921.2,2691.7000000000003,13006.8,979.6999999999999,2540.4,1835.1,13119.599999999999,15696.5,8330.8,620.5999999999999,767.1999999999999,630.6,4617.1,7272.900000000001,1357.8999999999999,1467.0,587.5,3071.0,2418.1,1091.7,1672.5,860.1,793.5,673.0,2233.3,11174.199999999999,2445.6,1446.1,4810.5,982.4,11973.099999999999,973.5,4982.3,15708.4,3342.6,2526.8999999999996,1852.0,1393.1,579.2,10278.1,1800.6999999999998,2666.9,8829.0,5091.1,6030.2,6019.8,9724.6,5173.7,3533.2999999999997,4627.099999999999,1503.0,2391.5,628.6,5716.0,1975.6,1021.6,1285.6,12772.599999999999,4701.1,3497.2,12393.199999999999,3761.2000000000003,511.0,3083.4,4923.2,1435.1,1006.4,1998.4,2157.4,21915.3,5664.0,2616.0,1845.0,1860.0,2974.0,2150.0,19492.0,5420.6,1058.5,4673.0,5908.8,3660.1000000000004,13884.4,2466.0,2033.5,6083.9,3834.7,2009.0,1055.8,1063.3
1287.3,567.6,5366.700000000001,1566.1,1072.5,11112.599999999999,927.6999999999999,1813.5,442.59999999999997,3008.2000000000003,3469.5,4409.9,685.8,1303.5,11308.0,479.2,6128.0,2844.3,1271.6999999999998,1075.1,1308.1000000000001,2712.7,910.3,1966.8000000000002,725.5,1569.6000000000001,8929.1,2684.7,1964.9,959.5,9572.8,12452.7,8273.699999999999,554.1,983.0,398.8,2288.0,10931.9,2130.9,839.8,611.0,1729.8,1500.8,821.8,1477.6,1436.5,1066.1,764.1,1798.0,9254.099999999999,1874.8999999999999,1046.6000000000001,2399.4,800.8000000000001,6613.3,1227.5,10704.0,12560.3,1914.6,3827.7,1183.6999999999998,5518.8,1287.4,3878.2,1961.0,3141.0,5354.599999999999,3928.1,3930.2,3268.7,7382.700000000001,5409.5,3458.5,3649.3,1113.8999999999999,2652.7000000000003,579.0,3132.7,2019.8,746.9,1322.8000000000002,8203.699999999999,6108.700000000001,1724.5,8308.2,2085.7,433.9,3464.4,11469.5,2306.1,1885.3,1982.3,2136.1,15156.1,15279.3,1919.0,1050.0,2534.0,2447.0,1867.0,11888.0,9799.5,1241.8,8193.0,4236.0,8754.0,30169.2,2183.0,1491.7,9432.4,4851.9,1859.5,783.2,945.1999999999999
1146.3,363.8,6103.2,1942.0,1027.1,5203.0,778.4,1427.2,1511.5,2027.3999999999999,2766.1000000000004,2448.7,1436.7,1767.8,9384.0,541.5,3471.5,1875.0,817.0,1204.6,1954.0,1925.8,732.2,2487.9,541.8,1091.1,5707.1,2670.1000000000004,1134.6,555.0,4347.0,7695.4,5037.799999999999,537.7,778.4,350.40000000000003,1804.9,5007.1,1430.4,664.4,559.5,1191.1000000000001,930.4,839.6,1062.9,3806.6000000000004,692.4,733.0,2420.2000000000003,4986.3,1474.0,1012.7,2085.7999999999997,579.1,3192.8999999999996,947.8,17523.3,5040.0,1032.2,5546.799999999999,900.6,9718.8,877.8,2444.1,1939.6,3828.2,2550.3,3237.3,2708.6000000000004,1879.0,3998.8,6753.400000000001,5026.099999999999,3725.5,1558.3000000000002,1749.1,422.0,2170.1,2000.1,851.2,1495.0,5158.8,8682.5,1669.5,4273.0,1868.8,553.0,4725.0,18007.8,2068.9,810.6,3484.8,1880.0,17505.2,18840.0,1465.0,1106.0,8309.0,1972.0,1576.0,11222.0,4742.3,3136.8,11036.0,2160.0,10867.9,31112.800000000003,4645.0,1479.1,9625.800000000001,2177.0,1746.1,685.0,749.1
