volumen,hidrologia,tiempo,volumen_turbinado,energia_hidro,energia_eolica,energia_solar,energia_biomasa,energia_renovable,energia_termico_bajo,energia_termico_alto,energia_exportada,costo_termico,ingreso_exportacion,demanda,demanda_residual,fraccion_turbinado,qt_max_fisico,energia_hidro_max_frac,energia_hidro_obj,aportes,vertimiento,TimeLimit.truncated,action,reward,terminal_observation
45000.0,2,0,3906.7466796734866,148253.95570766457,89498.12267082525,10847.177165782274,14205.472175438588,114550.7720120461,0.0,0.0,-0.0,0.0,-0.0,262804.7277197107,148253.95570766457,1.0,6822.144,258888.0,148253.95570766457,1394.34273,0,False,1,-0.0,
42487.59605032651,2,1,3726.5298900876005,141415.0551769354,92140.0921373727,11271.621322419545,14859.639049122809,118271.35250891506,0.0,0.0,-0.0,0.0,-0.0,259686.40768585046,141415.0551769354,1.0,6822.144,258888.0,141415.0551769354,1488.57583,0,False,1,-0.0,
40249.64199023891,0,2,4442.620465099776,168589.3946197487,90659.82803868594,11002.30343492352,14518.368923684202,116180.50039729367,0.0,0.0,-0.0,0.0,-0.0,284769.89501704235,168589.3946197487,1.0,6822.144,258888.0,168589.3946197487,1327.85681,0,False,1,-0.0,
37134.87833513913,0,3,5454.330895052297,206981.97176112072,90554.62452678141,10732.967364716964,14566.054130701754,115853.64602220013,0.0,0.0,-0.0,0.0,-0.0,322835.61778332083,206981.97176112072,1.0,6822.144,258888.0,206981.97176112072,1343.06621,0,False,1,-0.0,
33023.61365008683,0,4,4635.843483190223,175921.85794907738,85031.2477209428,10716.475757573358,14637.513606140346,110385.2370846565,0.0,0.0,-0.0,0.0,-0.0,286307.0950337339,175921.85794907738,1.0,6822.144,258888.0,175921.85794907738,1472.81422,0,False,1,-0.0,
29860.584386896608,1,5,4168.195262993144,158175.455581965,87807.04803662449,10608.470938362425,14628.308548245614,113043.82752323252,0.0,0.0,-0.0,0.0,-0.0,271219.28310519754,158175.455581965,1.0,6822.144,258888.0,158175.455581965,1632.30787,0,False,1,-0.0,
27324.696993903464,2,6,5550.672052275048,210637.9440641216,84982.77061434375,10693.418996498953,14763.392324561399,110439.5819354041,0.0,0.0,2.9103830456733704e-11,0.0,0.0,321077.5259995257,210637.94406412158,1.0,6822.144,258888.0,210637.94406412158,1712.49383,0,False,1,-0.0,
23486.518771628416,2,7,3707.87222087314,140707.03044635316,85986.18983175584,10551.754537368377,15309.599851754381,111847.5442208786,0.0,0.0,-0.0,0.0,-0.0,252554.57466723176,140707.03044635316,1.0,6822.144,258888.0,140707.03044635316,1753.57816,0,False,1,-0.0,
21532.224710755276,2,8,4107.547810122666,155873.99466605173,84086.47588357603,10205.677110637433,15594.137738596493,109886.29073280995,0.0,0.0,-0.0,0.0,-0.0,265760.2853988617,155873.99466605173,1.0,6822.144,258888.0,155873.99466605173,1853.79089,0,False,1,-0.0,
19278.46779063261,0,9,3598.7254187786,136565.10713006853,87138.50521512776,10242.880464036181,15899.251240350874,113280.63691951481,0.0,0.0,-0.0,0.0,-0.0,249845.74404958336,136565.10713006853,1.0,6822.144,258888.0,136565.10713006853,1510.54322,0,False,1,-0.0,
17190.28559185401,0,10,3463.48682896901,131433.04776007793,88685.74475373808,9824.855155326186,16000.966926315783,114511.56683538006,0.0,0.0,-0.0,0.0,-0.0,245944.61459545797,131433.04776007793,0.9612905383110046,6558.062478195191,248866.5848822594,131433.04776007793,1654.09119,0,False,0,-0.0,
15380.889952885002,2,11,3465.90831204826,131524.93865411665,92209.90206906515,9278.029588771047,15795.58666754386,117283.51832538006,0.0,0.0,-0.0,0.0,-0.0,248808.4569794967,131524.93865411665,1.0,6822.144,258888.0,131524.93865411665,1708.74407,0,False,1,-0.0,
13623.725710836741,2,12,3594.581735495503,136407.86185969686,92859.18840188251,9169.003791343186,18456.2665437649,120484.4587369906,0.0,0.0,-0.0,0.0,-0.0,256892.32059668744,136407.86185969686,1.0,6822.144,258888.0,136407.86185969686,2027.48419,0,False,1,-0.0,
12056.628165341237,1,13,2528.3062725451346,95944.64061249144,95290.58732603819,8530.480186850396,33050.70162164341,136871.76913453202,0.0,0.0,-0.0,0.0,-0.0,232816.40974702346,95944.64061249144,1.0,6822.144,258888.0,95944.64061249144,2035.57799,0,False,1,-0.0,
11563.899882796102,1,14,2781.3875508725464,105548.61642766435,99999.6553362952,7882.442787928107,33192.07652152284,141074.17464574613,0.0,0.0,-0.0,0.0,-0.0,246622.79107341048,105548.61642766435,1.0,6822.144,258888.0,105548.61642766435,2875.89763,0,False,1,-0.0,
11658.409961923555,1,15,2965.6506206881936,112541.06595942934,95416.92842546562,8111.724699108436,33118.516723145774,136647.16984771984,0.0,0.0,-0.0,0.0,-0.0,249188.23580714918,112541.06595942934,1.0,6822.144,258888.0,112541.06595942934,3911.05227,0,False,1,-0.0,
12603.811611235362,0,16,3175.0549020879434,120487.57890360325,100470.00745115177,7424.9501238408375,23369.852297572706,131264.80987256533,0.0,0.0,-0.0,0.0,-0.0,251752.38877616858,120487.57890360325,1.0,6822.144,258888.0,120487.57890360325,4443.95996,0,False,1,-0.0,
13872.71666914742,0,17,3349.1353745165156,127093.61731998499,98434.05050166651,6757.079140633997,21224.44183295923,126415.57147525974,0.0,0.0,-0.0,0.0,-0.0,253509.18879524473,127093.61731998499,1.0,6822.144,258888.0,127093.61731998499,4130.67356,0,False,1,-0.0,
14654.254854630904,0,18,3368.9248560034644,127844.59227495416,98975.04493142634,6723.902763309068,25968.47947897232,131667.42717370772,0.0,0.0,-0.0,0.0,-0.0,259512.0194486619,127844.59227495416,1.0,6822.144,258888.0,127844.59227495416,3886.75509,0,False,1,-0.0,
15172.08508862744,1,19,3452.4150450300585,131012.89362665781,98037.6221467726,6354.5806597072415,34253.7348904101,138645.93769688995,0.0,0.0,-0.0,0.0,-0.0,269658.83132354775,131012.89362665781,1.0,6822.144,258888.0,131012.89362665781,4213.50486,0,False,1,-0.0,
15933.17490359738,1,20,3774.8919208750017,143250.30659151837,97409.03202198535,5966.749727093678,35096.533702179564,138472.3154512586,0.0,0.0,-0.0,0.0,-0.0,281722.62204277696,143250.30659151837,1.0,6822.144,258888.0,143250.30659151837,4351.77792,0,False,1,-0.0,
16510.06090272238,2,21,3745.2306321449955,142124.7144438396,98814.04396127017,5886.59032116912,34915.35802257658,139615.99230501588,0.0,0.0,-0.0,0.0,-0.0,281740.7067488555,142124.7144438396,1.0,6822.144,258888.0,142124.7144438396,4726.68029,0,False,1,-0.0,
17491.510560577386,3,22,3625.6241938026906,137585.86688952782,98220.28704362443,5700.530551199278,35017.87632551271,138938.69392033643,0.0,0.0,-0.0,0.0,-0.0,276524.56080986426,137585.86688952782,1.0,6822.144,258888.0,137585.86688952782,4689.88216,0,False,1,-0.0,
18555.768526774697,2,23,3636.1372885587816,137984.81978105503,98854.63909287953,5691.159953817383,35550.51846960261,140096.31751629955,0.0,0.0,-0.0,0.0,-0.0,278081.1372973546,137984.81978105503,1.0,6822.144,258888.0,137984.81978105503,4268.44174,0,False,1,-0.0,
19188.072978215918,1,24,3779.512351396287,143425.6435554984,104690.69883044781,5569.164730104099,36640.267961321035,146900.13152187294,0.0,0.0,-0.0,0.0,-0.0,290325.77507737133,143425.6435554984,1.0,6822.144,258888.0,143425.6435554984,4837.45336,0,False,1,-0.0,
20246.01398681963,0,25,4833.009250223811,183403.94145475997,104382.0148129037,5429.313546577172,36310.39745348857,146121.72581296944,0.0,0.0,-0.0,0.0,-0.0,329525.6672677294,183403.94145475997,1.0,6822.144,258888.0,183403.94145475997,4994.52255,0,False,1,-0.0,
20407.527286595818,0,26,4391.983367761957,166667.80855302344,106816.05281652318,5738.184090648205,34600.92987232152,147155.16677949292,0.0,0.0,-0.0,0.0,-0.0,313822.97533251636,166667.80855302344,1.0,6822.144,258888.0,166667.80855302344,5809.76139,0,False,1,-0.0,
21825.30530883386,1,27,4285.085393446472,162611.22417506436,105570.85574992995,5961.318488980013,35113.18863366362,146645.3628725736,0.0,0.0,-0.0,0.0,-0.0,309256.58704763796,162611.22417506436,1.0,6822.144,258888.0,162611.22417506436,5706.57725,0,False,1,-0.0,
23246.79716538739,4,28,4042.514300731531,153406.09085469093,108730.43283364398,5763.893484376082,34304.426268943746,148798.75258696382,0.0,0.0,-0.0,0.0,-0.0,302204.84344165475,153406.09085469093,1.0,6822.144,258888.0,153406.09085469093,5462.63775,0,False,1,-0.0,
24666.920614655857,2,29,4303.530800827933,163311.19395379836,105710.5229317552,6405.6144499270995,34658.5686623392,146774.7060440215,0.0,0.0,-0.0,0.0,-0.0,310085.89999781986,163311.19395379836,1.0,6822.144,258888.0,163311.19395379836,5526.72025,0,False,1,-0.0,
25890.110063827924,4,30,4249.273148870871,161252.2144013498,106832.62021303737,6755.84926381601,35019.157293632656,148607.62677048604,0.0,0.0,-0.0,0.0,-0.0,309859.84117183584,161252.2144013498,1.0,6822.144,258888.0,161252.2144013498,5764.73272,0,False,1,-0.0,
27405.569634957053,4,31,4185.253455117547,158822.783055953,112963.317808136,6912.495966710932,34636.09143758985,154511.90521243677,0.0,0.0,-0.0,0.0,-0.0,313334.6882683898,158822.783055953,1.0,6822.144,258888.0,158822.783055953,5731.93678,0,False,1,-0.0,
28952.25295983951,3,32,4492.645391430812,170487.74990629635,111681.42711469864,6849.887804579319,34441.76708218248,152973.08200146045,0.0,0.0,-0.0,0.0,-0.0,323460.8319077568,170487.74990629635,1.0,6822.144,258888.0,170487.74990629635,5525.04259,0,False,1,-0.0,
29984.6501584087,2,33,3167.573200619169,120203.66189307868,107779.19993502216,7307.814717086226,32995.00888109761,148082.023533206,0.0,0.0,-0.0,0.0,-0.0,268285.6854262847,120203.66189307868,1.0,6822.144,258888.0,120203.66189307868,4901.60423,0,False,1,-0.0,
31718.68118778953,2,34,4171.239888463393,158290.99360032726,108649.10494879776,7909.894347552579,32997.27884153994,149556.27813789027,0.0,0.0,2.9103830456733704e-11,0.0,0.0,307847.2717382175,158290.99360032723,1.0,6822.144,258888.0,158290.99360032723,5025.84593,0,False,1,-0.0,
32573.287229326135,1,35,3759.186876462089,142654.32862066783,109305.83774373586,7929.533467364118,32767.710565039084,150003.08177613906,0.0,0.0,-0.0,0.0,-0.0,292657.4103968069,142654.32862066783,1.0,6822.144,258888.0,142654.32862066783,5398.2134,0,False,1,-0.0,
34212.31375286404,1,36,2700.5799465265172,102482.11430253554,114300.0067239174,8524.156211579264,32083.372775819946,154907.5357113166,0.0,0.0,-0.0,0.0,-0.0,257389.65001385214,102482.11430253554,1.0,6822.144,258888.0,102482.11430253554,5976.19709,0,False,1,-0.0,
37487.93089633753,3,37,2439.451898285908,92572.77815353093,116709.79191836771,8237.11335634511,32138.754736952975,157085.6600116658,0.0,0.0,-0.0,0.0,-0.0,249658.43816519674,92572.77815353093,1.0,6822.144,258888.0,92572.77815353093,6326.75495,0,False,1,-0.0,
41375.233948051624,3,38,2878.274839338163,109225.31342149599,116894.20438616359,8752.13665806451,31710.193294999768,157356.53433922786,0.0,0.0,-0.0,0.0,-0.0,266581.84776072385,109225.31342149599,1.0,6822.144,258888.0,109225.31342149599,5824.13985,0,False,1,-0.0,
44321.09895871346,0,39,2672.312753557266,101409.42556224752,110322.89665027641,9054.746042873534,31879.889942467347,151257.5326356173,0.0,0.0,-0.0,0.0,-0.0,252666.95819786482,101409.42556224752,1.0,6822.144,258888.0,101409.42556224752,5698.69382,0,False,1,-0.0,
47347.4800251562,0,40,3228.488830314719,122515.29963344616,108176.90193784745,9864.239537116413,31227.34317938806,149268.48465435192,1.4551915228366852e-11,0.0,-0.0,1.4551915228366852e-09,-0.0,271783.7842877981,122515.29963344618,1.0,6822.144,258888.0,122515.29963344618,5638.02449,0,False,1,-1.4551914860754553e-15,
49757.01568484148,2,41,2693.9322461934034,102229.84612352331,104422.57659378197,10529.749504988575,31504.85887353122,146457.18497230177,0.0,0.0,-0.0,0.0,-0.0,248687.03109582508,102229.84612352331,1.0,6822.144,258888.0,102229.84612352331,4999.87634,0,False,1,-0.0,
52062.95977864807,4,42,2436.504751043051,92460.93925722374,107996.14741250093,10636.545500075908,30752.21296938665,149384.9058819635,0.0,0.0,-0.0,0.0,-0.0,241845.84513918724,92460.93925722374,1.0,6822.144,258888.0,92460.93925722374,4168.7444,0,False,1,-0.0,
53795.199427605025,4,43,2432.264817398752,92300.04146009349,108368.16162633839,10773.160558117666,31590.321507513345,150731.6436919694,0.0,0.0,-0.0,0.0,-0.0,243031.68515206288,92300.04146009349,1.0,6822.144,258888.0,92300.04146009349,3509.86477,0,False,1,-0.0,
54872.79938020627,4,44,2869.438533185045,108889.99161835486,102923.50995295042,10848.06160390814,32262.107988332133,146033.67954519068,0.0,0.0,-0.0,0.0,-0.0,254923.67116354554,108889.99161835486,1.0,6822.144,258888.0,108889.99161835486,3090.66474,0,False,1,-0.0,
55094.02558702123,4,45,3467.128624186486,131571.24728800668,104473.43194198546,10923.442250445485,32514.58053801845,147911.4547304494,0.0,0.0,-0.0,0.0,-0.0,279482.70201845607,131571.24728800668,1.0,6822.144,258888.0,131571.24728800668,2862.145,0,False,1,-0.0,
54489.04196283474,3,46,2774.4409050464246,105285.00380901646,104133.89710660212,11090.618849065764,32307.28314069009,147531.79909635798,0.0,0.0,-0.0,0.0,-0.0,252816.80290537444,105285.00380901646,1.0,6822.144,258888.0,105285.00380901646,2627.35638,0,False,1,-0.0,
54341.95743778831,4,47,2780.166743479298,105502.28899974385,101779.74723093814,11212.704877708185,34387.941797698426,147380.39390634475,0.0,0.0,-0.0,0.0,-0.0,252882.6829060886,105502.28899974385,1.0,6822.144,258888.0,105502.28899974385,2308.76878,0,False,1,-0.0,
53870.55947430901,4,48,3733.091267915224,141664.04757331955,99174.28621582552,11568.319282368753,35193.49844685015,145936.10394504442,0.0,0.0,-0.0,0.0,-0.0,287600.151518364,141664.04757331955,1.0,6822.144,258888.0,141664.04757331955,2285.62861,0,False,1,-0.0,
52423.09681639379,4,49,3278.886669332303,124427.80628056242,99338.40944907123,11291.319964265569,34924.236809625756,145553.96622296254,0.0,0.0,-0.0,0.0,-0.0,269981.77250352496,124427.80628056242,1.0,6822.144,258888.0,124427.80628056242,2205.28487,0,False,1,-0.0,
51349.49501706149,3,50,3399.4465246252907,129002.83428013133,97313.17091924294,11329.20102259438,35295.99925486828,143938.37119670562,0.0,0.0,-0.0,0.0,-0.0,272941.20547683694,129002.83428013133,1.0,6822.144,258888.0,129002.83428013133,2132.59843,0,False,1,-0.0,
50082.6469224362,4,51,3723.162456859975,141287.26718925388,94055.30850885545,11043.135413804714,35184.48269391482,140282.926616575,0.0,0.0,-0.0,0.0,-0.0,281570.19380582887,141287.26718925388,1.0,6822.144,258888.0,141287.26718925388,1830.19317,0,False,1,-0.0,
48189.67763557623,4,52,3643.8763825075503,138278.50436968417,92467.96306251167,11350.593319777001,36432.24441620002,140250.8007984887,0.0,0.0,-0.0,0.0,-0.0,278529.30516817287,138278.50436968417,1.0,6822.144,258888.0,138278.50436968417,1435.88461,0,False,1,-0.0,
45981.68586306868,4,53,3522.506831603784,133672.74988921965,92077.1464552851,11269.442481945203,36251.92264326596,139598.51158049627,0.0,0.0,-0.0,0.0,-0.0,273271.2614697159,133672.74988921965,1.0,6822.144,258888.0,133672.74988921965,1501.07679,0,False,1,-0.0,
43960.25582146489,4,54,4230.507139410114,160540.07835478196,90611.44799048477,11377.655082999983,36257.837276160855,138246.94034964562,0.0,0.0,-0.0,0.0,-0.0,298787.0187044276,160540.07835478196,1.0,6822.144,258888.0,160540.07835478196,1336.47126,0,False,1,-0.0,
41066.21994205478,2,55,5318.927324747909,201843.65168037155,88359.82409203946,11416.239695997296,35889.021960530175,135665.08574856693,0.0,0.0,2.9103830456733704e-11,0.0,0.0,337508.73742893845,201843.65168037152,1.0,6822.144,258888.0,201843.65168037152,1374.34752,0,False,1,-0.0,
37121.64013730687,1,56,4390.80609958561,166623.13335947169,86433.12223115128,11103.806498983273,36190.64757729516,133727.57630742973,0.0,0.0,2.9103830456733704e-11,0.0,0.0,300350.7096669014,166623.13335947166,1.0,6822.144,258888.0,166623.13335947166,1488.0394,0,False,1,-0.0,
34218.87343772126,1,57,4053.528322879215,153824.05303282285,83446.21612304743,11016.439249456647,36716.177360995935,131178.8327335,0.0,0.0,-0.0,0.0,-0.0,285002.88576632284,153824.05303282285,1.0,6822.144,258888.0,153824.05303282285,1632.64445,0,False,1,-0.0,
31797.989564842046,1,58,4806.1026507762945,182382.88477261303,86948.75525617333,11243.952255964494,36381.77820882268,134574.4857209605,0.0,0.0,-0.0,0.0,-0.0,316957.37049357354,182382.88477261303,1.0,6822.144,258888.0,182382.88477261303,1721.67627,0,False,1,-0.0,
28713.56318406575,1,59,3469.765638677416,131671.31720847858,86270.37463503586,11112.640300029934,36456.29165863506,133839.30659370084,0.0,0.0,-0.0,0.0,-0.0,265510.6238021794,131671.31720847858,1.0,6822.144,258888.0,131671.31720847858,1753.30994,0,False,1,-0.0,
26997.107485388333,1,60,3935.08761453826,149329.4428192341,85204.61999868434,10813.929831108317,36624.74911774642,132643.29894753906,0.0,0.0,-0.0,0.0,-0.0,281972.74176677316,149329.4428192341,1.0,6822.144,258888.0,149329.4428192341,1866.08673,0,False,1,-0.0,
24928.10660085007,1,61,3804.8640564395564,144387.69481317367,88086.69888007017,10519.022792061409,36456.39532520748,135062.11699733906,0.0,0.0,-0.0,0.0,-0.0,279449.81181051274,144387.69481317367,1.0,6822.144,258888.0,144387.69481317367,1510.74833,0,False,1,-0.0,
22633.990874410512,0,62,3425.218934886002,129980.85053830105,89008.36410817421,10162.96838403011,34108.82822734285,133280.1607195472,0.0,0.0,-0.0,0.0,-0.0,263261.01125784824,129980.85053830105,1.0,6822.144,258888.0,129980.85053830105,1670.75211,0,False,1,-0.0,
20879.524049524513,4,63,3321.276873696034,126036.43770600838,89463.04536756715,9972.615210240887,33820.55439699758,133256.2149748056,0.0,0.0,-0.0,0.0,-0.0,259292.65268081398,126036.43770600838,1.0,6822.144,258888.0,126036.43770600838,1753.16794,0,False,1,-0.0,
19311.415115828477,4,64,2916.1718520287222,110663.43636663369,94891.81835942433,9563.104142878781,33635.805140418444,138090.72764272155,0.0,0.0,-0.0,0.0,-0.0,248754.16400935524,110663.43636663369,1.0,6822.144,258888.0,110663.43636663369,2070.37766,0,False,1,-0.0,
18465.620923799754,4,65,3469.2882203684135,131653.2000489491,94289.04168629115,9295.735461339134,35191.04599428708,138775.82314191735,0.0,0.0,-0.0,0.0,-0.0,270429.02319086646,131653.2000489491,1.0,6822.144,258888.0,131653.2000489491,2092.66585,0,False,1,-0.0,
17088.998553431342,4,66,3243.323770419609,123078.25872282844,92626.97625037367,8700.199318007642,35498.240488386815,136825.41605676812,0.0,0.0,-0.0,0.0,-0.0,259903.67477959656,123078.25872282844,1.0,6822.144,258888.0,123078.25872282844,2928.93596,0,False,1,-0.0,
16774.610743011734,4,67,3206.4395880230213,121678.57085164194,94836.57389358795,7972.95051741626,35494.42107808353,138303.94548908772,0.0,0.0,-0.0,0.0,-0.0,259982.51634072966,121678.57085164194,1.0,6822.144,258888.0,121678.57085164194,3951.60017,0,False,1,-0.0,
17519.771324988713,4,68,3449.7459976128616,130911.60811469218,93489.92244418705,7886.580423981958,30304.0610313741,131680.5638995431,0.0,0.0,-0.0,0.0,-0.0,262592.1720142353,130911.60811469218,1.0,6822.144,258888.0,130911.60811469218,4487.25312,0,False,1,-0.0,
18557.27844737585,4,69,3394.5117297156917,128815.56775738478,99055.78688356072,7202.4720605141165,23179.4313984164,129437.69034249125,0.0,0.0,-0.0,0.0,-0.0,258253.25809987602,128815.56775738478,1.0,6822.144,258888.0,128815.56775738478,4231.83819,0,False,1,-0.0,
19394.60490766016,3,70,3700.3768335115146,140422.5940809999,100802.10191017616,6848.619997839734,24103.361806967885,131754.08371498378,0.0,0.0,-0.0,0.0,-0.0,272176.6777959837,140422.5940809999,1.0,6822.144,258888.0,140422.5940809999,4186.19946,0,False,1,-0.0,
19880.427534148643,3,71,3398.868863509982,128980.91308778769,101712.86540940804,6592.239287264835,35807.85017270486,144112.95486937772,0.0,0.0,-0.0,0.0,-0.0,273093.8679571654,128980.91308778769,1.0,6822.144,258888.0,128980.91308778769,4498.56551,0,False,1,-0.0,
20980.12418063866,3,72,3711.0047709631926,140825.9050446779,98902.87783107659,6313.8888173883415,37372.87064236574,142589.63729083067,0.0,0.0,-0.0,0.0,-0.0,283415.54233550857,140825.9050446779,1.0,6822.144,258888.0,140825.9050446779,4499.63837,0,False,1,-0.0,
21768.75777967547,1,73,4140.971774947599,157142.37355186787,94681.16623634899,6226.619440106171,37637.072097554694,138544.85777400984,0.0,0.0,-0.0,0.0,-0.0,295687.2313258777,157142.37355186787,1.0,6822.144,258888.0,157142.37355186787,4850.30141,0,False,1,-0.0,
22478.08741472787,2,74,4063.8175501029473,154214.5105572459,98082.60288412376,6146.379053501961,37262.135195270515,141491.11713289624,0.0,0.0,-0.0,0.0,-0.0,295705.62769014214,154214.5105572459,1.0,6822.144,258888.0,154214.5105572459,4779.92373,0,False,1,-0.0,
23194.19359462492,4,75,3927.650666691834,149047.22412756394,97729.08333357955,6210.47218626575,37412.81097847418,141352.3664983195,0.0,0.0,-0.0,0.0,-0.0,290399.59062588343,149047.22412756394,1.0,6822.144,258888.0,149047.22412756394,4292.37604,0,False,1,-0.0,
23558.918967933085,3,76,3804.5890328880664,144377.25816786126,103119.13665103159,6069.428513861313,38417.16864588663,147605.73381077952,0.0,0.0,-0.0,0.0,-0.0,291982.9919786408,144377.25816786126,1.0,6822.144,258888.0,144377.25816786126,4852.75743,0,False,1,-0.0,
24607.087365045016,3,77,4077.73622899635,154742.69919433055,105982.73087603849,5646.612610231015,38066.60193105314,149695.94541732263,0.0,0.0,-0.0,0.0,-0.0,304438.6446116532,154742.69919433055,1.0,6822.144,258888.0,154742.69919433055,5027.14493,0,False,1,-0.0,
25556.49606604867,2,78,5027.23281303056,190774.37364263428,108538.97196199423,6193.824760524929,38806.90781559161,153539.70453811076,0.0,0.0,2.9103830456733704e-11,0.0,0.0,344314.078180745,190774.37364263425,1.0,6822.144,258888.0,190774.37364263425,5820.49528,0,False,1,-0.0,
26349.758533018106,3,79,4601.523429164298,174619.47410220114,108987.32106684642,6290.190766913083,38443.79195921555,153721.30379297506,0.0,0.0,-0.0,0.0,-0.0,328340.7778951762,174619.47410220114,1.0,6822.144,258888.0,174619.47410220114,5692.03576,0,False,1,-0.0,
27440.270863853806,2,80,4303.691588187542,163317.29554267638,105242.78086242783,6685.458508578522,39103.49393240264,151031.73330340898,0.0,0.0,-0.0,0.0,-0.0,314349.02884608536,163317.29554267638,1.0,6822.144,258888.0,163317.29554267638,5384.47655,0,False,1,-0.0,
28521.055825666263,2,81,4498.771992348531,170720.24330696135,106962.96958925872,6647.317372380329,38585.94822061793,152196.235182257,0.0,0.0,-0.0,0.0,-0.0,322916.47848921834,170720.24330696135,1.0,6822.144,258888.0,170720.24330696135,5461.06001,0,False,1,-0.0,
29483.343843317733,3,82,4474.39962455634,169795.35612296397,109441.80592289293,7023.564686972331,38278.57388971208,154743.94449957734,0.0,0.0,2.9103830456733704e-11,0.0,0.0,324539.3006225413,169795.35612296395,1.0,6822.144,258888.0,169795.35612296395,5733.36726,0,False,1,-0.0,
30742.311478761392,2,83,4372.58548314664,165931.69398958268,113120.30797449667,6989.011034042092,38268.33307111529,158377.65207965404,0.0,0.0,2.9103830456733704e-11,0.0,0.0,324309.3460692367,165931.69398958265,1.0,6822.144,258888.0,165931.69398958265,5692.92981,0,False,1,-0.0,
32062.655805614755,3,84,4419.044428021095,167694.7267430188,114861.06485674516,7118.774618768,38169.509841505685,160149.34931701884,0.0,0.0,-0.0,0.0,-0.0,327844.07606003765,167694.7267430188,1.0,6822.144,258888.0,167694.7267430188,5493.53514,0,False,1,-0.0,
33137.14651759366,2,85,4847.168750566277,183941.26882935956,108814.0523399188,7705.7102233774585,37683.6946294219,154203.45719271817,0.0,0.0,-0.0,0.0,-0.0,338144.7260220777,183941.26882935956,1.0,6822.144,258888.0,183941.26882935956,4876.06589,0,False,1,-0.0,
33166.04365702738,1,86,3523.452925504092,133708.65243798774,107203.76023211188,8001.380225167574,37474.076294960505,152679.21675223997,0.0,0.0,-0.0,0.0,-0.0,286387.8691902277,133708.65243798774,0.9696727991104126,6615.247468414307,251036.65161609653,133708.65243798774,5082.46573,0,False,0,-0.0,
34725.05646152329,2,87,4353.514683308237,165207.99170060072,112030.51419189482,8130.02420678211,36893.56343253513,157054.10183121206,0.0,0.0,-0.0,0.0,-0.0,322262.0935318128,165207.99170060072,0.7154509425163269,4880.909354782105,185221.66360616687,165207.99170060072,5420.34382,0,False,0,-0.0,
35791.88559821505,2,88,3993.7686262546727,151556.28085742836,110973.89708092282,8777.884254768369,35502.399382622796,155254.180718314,0.0,0.0,-0.0,0.0,-0.0,306810.46157574235,151556.28085742836,1.0,6822.144,258888.0,151556.28085742836,5991.08569,0,False,1,-0.0,
37789.20266196037,1,89,2975.009537925909,112896.21990602408,113773.15843514317,8886.893265367251,35378.65160160347,158038.7033021139,0.0,0.0,-0.0,0.0,-0.0,270934.923208138,112896.21990602408,1.0,6822.144,258888.0,112896.21990602408,6338.58799,0,False,1,-0.0,
41152.781114034464,1,90,2787.072234791497,105764.33987917891,112577.72360963479,9004.506799795894,35723.90719650016,157306.13760593085,0.0,0.0,-0.0,0.0,-0.0,263070.47748510976,105764.33987917891,1.0,6822.144,258888.0,105764.33987917891,5874.72743,0,False,1,-0.0,
44240.43630924296,1,91,3102.212434144195,117723.33926852356,118186.25924482192,9254.235725440987,35121.69811973758,162562.19309000048,0.0,0.0,-0.0,0.0,-0.0,280285.53235852404,117723.33926852356,1.0,6822.144,258888.0,117723.33926852356,5823.75068,0,False,1,-0.0,
46961.974555098765,1,92,2990.2881821453907,113476.01676236326,108336.85170387033,9678.460335603726,34639.51528125604,152654.82732073008,0.0,0.0,-0.0,0.0,-0.0,266130.84408309334,113476.01676236326,1.0,6822.144,258888.0,113476.01676236326,5737.28531,0,False,1,-0.0,
49708.97168295337,3,93,3456.735212810262,131176.8361638252,108663.71511870055,10409.765215760042,35326.79863828945,154400.27897275003,0.0,0.0,-0.0,0.0,-0.0,285577.11513657524,131176.8361638252,1.0,6822.144,258888.0,131176.8361638252,5048.60218,0,False,1,-0.0,
51300.83865014311,3,94,2840.730621893853,107800.57841652943,108878.7002933889,10653.755954974824,34749.295254014454,154281.75150237817,0.0,0.0,-0.0,0.0,-0.0,262082.3299189076,107800.57841652943,1.0,6822.144,258888.0,107800.57841652943,4206.68377,0,False,1,-0.0,
52666.79179824925,1,95,2452.019852630022,93049.7092420918,116250.076957951,10576.488115249767,35246.9738075989,162073.53888079966,0.0,0.0,-0.0,0.0,-0.0,255123.24812289147,93049.7092420918,1.0,6822.144,258888.0,93049.7092420918,3580.40548,0,False,1,-0.0,
53795.17742561923,0,96,2717.087285885243,103108.53791245961,106513.71437981547,11154.249494448277,35553.02222150454,153220.98609576828,0.0,0.0,-0.0,0.0,-0.0,256329.5240082279,103108.53791245961,1.0,6822.144,258888.0,103108.53791245961,3159.15965,0,False,1,-0.0,
54237.249789733985,0,97,3020.029052578926,114604.62889145305,106515.75880933751,11039.051060056594,36267.008777237854,153821.81864663196,0.0,0.0,1.4551915228366852e-11,0.0,0.0,268426.447538085,114604.62889145303,0.7874011993408203,5371.764367675782,203848.72169494632,114604.62889145303,2883.03427,0,False,0,-0.0,
54100.255007155065,0,98,3717.0787268341446,141056.40066123466,103487.80980180854,11612.816086167502,37251.683659920534,152352.30954789658,0.0,0.0,-0.0,0.0,-0.0,293408.71020913124,141056.40066123466,1.0,6822.144,258888.0,141056.40066123466,2632.14745,0,False,1,-0.0,
53015.32373032092,1,99,3090.607130198104,117282.93901781124,100144.0197643246,11872.972732120117,36983.33958702817,149000.3320834729,0.0,0.0,-0.0,0.0,-0.0,266283.27110128413,117282.93901781124,1.0,6822.144,258888.0,117282.93901781124,2316.22097,0,False,1,-0.0,
52240.93757012281,0,100,3113.547283178605,118153.4762455238,98076.95771169945,11982.5196224322,38137.33284859195,148196.8101827236,1.4551915228366852e-11,0.0,-0.0,1.4551915228366852e-09,-0.0,266350.2864282474,118153.47624552381,1.0,6822.144,258888.0,118153.47624552381,2308.57419,0,False,1,-1.4551914860754553e-15,
51435.96447694421,1,101,4024.7854577110356,152733.31339471793,97987.09121736781,11979.563201491146,38966.081898228746,148932.73631708772,0.0,0.0,-0.0,0.0,-0.0,301666.04971180565,152733.31339471793,1.0,6822.144,258888.0,152733.31339471793,2235.80886,0,False,1,-0.0,
49646.98787923317,0,102,3515.4362049751926,133404.43242382712,99944.31313367106,11615.445795526224,38779.85748720626,150339.61641640356,0.0,0.0,-0.0,0.0,-0.0,283744.0488402307,133404.43242382712,0.9636445641517639,6574.121981460571,249476.01392412186,133404.43242382712,2141.9702,0,False,0,-0.0,"[ 0.8570679   2.0027442  -0.5110547  -0.5018381  -0.49878883 -0.4889535
 -0.09932186 -0.09932186 -0.09932186 -0.09932186 -0.09932186 -0.09932186
 -0.09932186 -0.09932186 -0.09932186 -0.09932186 -0.09932186 -0.09932186
 -0.09932186 -0.09932186 -0.09932186 -0.09932186 -0.09932186 -0.09932186
 -0.09932186 -0.09932186 -0.09932186 -0.09932186 -0.09932186 -0.09892622
 -0.09892622 -0.09892622 -0.09892622 -0.09892622 -0.09892622 -0.09892622
 -0.09892622 -0.09892622 -0.09892622 -0.09892622 -0.09892622 -0.09892622
 -0.09892622 -0.09892622 -0.09892622 -0.09892622 -0.09892622 -0.09892622
 -0.09892622 -0.09892622 -0.09892622 -0.09892622 -0.09892622 -0.09892622
 -0.09892622 -0.09892622 -0.09892622 -0.09892622 -0.09892622 -0.09892622
 -0.09892622 -0.09892622 -0.09892622 -0.09892622 -0.09892622 -0.09892622
 -0.09892622 -0.09892622 -0.09892622 -0.09892622 -0.09892622 -0.09892622
 -0.09892622 -0.09892622 -0.09892622 -0.09892622 -0.09892622 -0.09892622
 -0.09892622 -0.09892622 -0.09892622 -0.09892622 -0.09892622 -0.09892622
 -0.09892622 -0.09892622 -0.09892622 -0.09892622 -0.09892622 -0.09892622
 -0.09892622 -0.09892622 -0.09892622 -0.09892622 -0.09892622 -0.09892622
 -0.09892622 -0.09892622 -0.09892622 -0.09892622 -0.09892622 -0.09892622
 -0.09892622 -0.09892622 -0.09892622 -0.09892622 -0.09892622 -0.09892622
 -0.09892622 10.        ]"
