tiempo,volumen_discreto,hidrologia,volumen,turbinado,energia_turbinada,energia_eolica,energia_solar,energia_biomasa,energia_renovable,energia_termico_bajo,energia_termico_alto,energia_exportada,costo_termico,ingreso_exportacion,demanda,demanda_residual,aportes,vertimiento,action,reward,reward_usd
0,15.0,2.0,45000.0,6472.290461538462,245611.6923076923,89498.12267082525,10847.177165782276,14205.472175438588,114550.77201204612,0.0,0.0,97357.73660002774,0.0,0.0,262804.7277197107,148253.95570766457,1153.2459456,0.0,37.0,0.0,0.0
1,13.0,1.83,39680.95548406154,5968.501366153846,226493.80923076923,92140.0921373727,11271.621322419545,14859.639049122809,118271.35250891506,0.0,0.0,85078.75405383385,0.0,0.0,259686.40768585046,141415.0551769354,1102.2123168,0.0,34.12,0.0,0.0
2,11.0,1.83,34814.666434707695,6225.643716923078,236251.8953846154,90659.82803868594,11002.303434923519,14518.368923684202,116180.50039729365,0.0,0.0,67662.50076486671,0.0,0.0,284769.89501704235,168589.3946197487,1570.3492895999998,0.0,35.59,0.0,0.0
3,9.43,1.68,30159.372007384616,6405.81828923077,243089.19384615385,90554.62452678141,10732.967364716962,14566.054130701754,115853.64602220013,840.0,234.09664068813015,37181.31872572126,154228.99220643903,0.0,322835.61778332083,206981.97176112072,1394.3385792000001,0.0,36.62,-0.15422899220643904,-154228.99220643906
4,7.72,1.69,25147.892297353847,5676.373661538461,215408.0923076923,85031.24772094279,10716.475757573358,14637.513606140346,110385.2370846565,4200.0,2339.120589761562,46025.35494837648,1121736.1769284687,0.0,286307.0950337339,175921.85794907738,1501.588368,0.0,32.45,-1.1217361769284686,-1121736.1769284685
5,6.4,1.6,20973.10700381539,4390.661907692308,166617.66153846154,87807.04803662449,10608.470938362425,14628.308548245614,113043.82752323252,19355.44922565545,4620.927568063983,32418.582750215963,3321823.1929847402,0.0,271219.28310519754,158175.455581965,1433.4286176,0.0,25.1,-3.32182319298474,-3321823.19298474
6,5.46,1.68,18015.873713723082,5193.575778461539,197086.78769230767,84982.77061434375,10693.418996498953,14763.392324561397,110439.58193540409,13759.208112051661,17402.534686541316,17610.586426779093,6596681.21716756,0.0,321077.5259995257,210637.94406412158,1560.9760992000001,0.0,29.69,-6.596681217167561,-6596681.217167561
7,4.26,1.63,14383.274034461541,4975.190316553846,188799.4552258047,85986.18983175584,10551.754537368377,15309.599851754383,111847.5442208786,2024.9656890789163,735.8513781578326,50853.24184668828,423251.9823552415,0.0,252554.57466723176,140707.03044635316,1400.813568,0.0,28.46,-0.4232519823552415,-423251.9823552415
8,3.09,1.55,10808.897285907697,5099.310285784616,193509.58309678125,84086.47588357603,10205.677110637433,15594.137738596495,109886.29073280995,4416.706596579273,425.99912751158115,42478.294154820374,569470.3979114016,0.0,265760.2853988617,155873.99466605173,1550.9098079999999,0.0,29.8,-0.5694703979114016,-569470.3979114016
9,1.97,1.68,7260.496808123081,3017.0519667692324,114491.65388079657,87138.50521512776,10242.880464036181,15899.251240350874,113280.63691951481,34628.62110291762,5363.865837887635,17919.033691533295,5072021.861658053,0.0,249845.7440495834,136565.10713006853,1753.5613535999998,0.0,23.14,-5.072021861658053,-5072021.861658053
10,1.56,1.71,5997.0061949538485,2072.935315938462,78664.1381466994,88685.74475373808,9824.855155326186,16000.966926315783,114511.56683538007,49506.332482879356,9522.863089026045,6260.28595852688,7807492.174995749,0.0,245944.614595458,131433.04776007793,1653.3726310956522,0.0,19.34,-7.807492174995749,-7807492.174995749
11,1.46,1.74,5577.443510111038,2289.776903470234,86892.88337883253,92209.90206906517,9278.029588771047,15795.58666754386,117283.51832538006,44607.976053611135,8722.785906611103,8698.70668493811,7077633.377344443,0.0,248808.4569794967,131524.93865411665,1564.0182432000001,0.0,24.34,-7.077633377344443,-7077633.377344443
12,1.17,1.81,4851.6848498408035,2057.4605062956525,78076.89716808512,92859.1884018825,9169.003791343186,18456.2665437649,120484.4587369906,52804.60348710576,10293.293069291965,4766.931864785985,8368448.269498166,0.0,256892.3205966874,136407.86185969686,2049.5740608,0.0,26.13,-8.368448269498167,-8368448.269498167
13,1.16,1.79,4843.7984043451515,1662.0031960615386,63070.00899159848,95290.5873260382,8530.480186850396,33050.70162164341,136871.76913453202,37900.56388573536,0.0,5025.932264842402,3790056.388573536,0.0,232816.40974702348,95944.64061249145,2306.7755424,0.0,19.84,-3.7900563885735363,-3790056.388573536
14,1.46,1.78,5488.5707506836125,2140.8108435692307,81239.89139923622,99999.6553362952,7882.442787928107,33192.07652152284,141074.17464574613,37609.463494519114,1321.786268618216,14622.524734709203,4157482.2300373763,0.0,246622.79107341048,105548.61642766435,2530.7293536,0.0,20.71,-4.157482230037377,-4157482.2300373768
15,1.59,1.84,5878.489260714382,1880.1159238956523,71346.99169432624,95416.92842546562,8111.724699108436,33118.516723145774,136647.16984771984,44259.714504265015,4048.3968151559816,7114.037054317902,5640490.494973296,0.0,249188.23580714918,112541.06595942932,2912.0230944,0.0,18.36,-5.640490494973296,-5640490.494973296
16,1.83,1.98,6910.39643121873,2317.118692430769,87930.45471423896,100470.00745115177,7424.9501238408375,23369.852297572706,131264.80987256533,35952.57707911724,3762.822440295117,7158.27533004806,4724104.440000259,0.0,251752.38877616858,120487.57890360325,3578.8834368,0.0,20.59,-4.724104440000259,-4724104.440000259
17,2.26,1.98,8172.16117558796,2414.2648785230767,91616.97640376432,98434.05050166651,6757.079140633997,21224.44183295923,126415.57147525974,41219.14659812174,5476.8015772149865,11219.307259116054,5764955.13297667,0.0,253509.18879524473,127093.617319985,3889.822608,0.0,15.83,-5.76495513297667,-5764955.13297667
18,2.7,1.92,9647.718905064883,2503.050239004682,94986.21991494817,98975.04493142635,6723.902763309068,25968.47947897232,131667.42717370772,34622.41578210421,5108.126673485105,6872.170095583321,4994679.580255953,0.0,259512.0194486619,127844.59227495416,3828.1572,0.0,20.71,-4.994679580255952,-4994679.580255953
19,3.2,1.94,10972.8258660602,2538.207015844816,96320.35587610473,98037.6221467726,6354.580659707241,34253.7348904101,138645.93769688995,35855.20359579519,5471.01696529516,6633.682810537279,5226825.449168067,0.0,269658.83132354775,131012.89362665782,3753.5784442434788,0.0,19.29,-5.226825449168067,-5226825.449168067
20,3.63,2.08,12188.197294458865,2532.3778866943144,96099.15098985271,97409.03202198535,5966.749727093678,35096.533702179564,138472.3154512586,39077.08848762435,11183.739419543803,3109.6723055024986,7262830.6746255765,0.0,281722.62204277696,143250.30659151837,4174.934215930435,45.38172412575281,24.37,-7.262830674625577,-7262830.6746255765
21,4.15,2.22,13785.371899569232,2848.9043985230774,108110.75842504091,98814.04396127017,5886.590321169121,34915.35802257658,139615.99230501588,33425.69585031855,8595.783713657345,8007.52354517723,5921304.699129059,0.0,281740.7067488555,142124.7144438396,4334.653008,65.11728073846163,20.79,-5.92130469912906,-5921304.69912906
22,4.55,2.21,15206.003228307694,3307.930338461538,125529.96088379706,98220.28704362443,5700.530551199278,35017.87632551271,138938.69392033643,18958.209497226326,3213.092752275253,10115.396243770814,2859748.7754052086,0.0,276524.56080986426,137585.86688952782,4324.6786464,94.22304812307695,23.08,-2.8597487754052087,-2859748.7754052086
23,4.86,2.17,16128.52848812308,3274.3784536615385,124256.72766677578,98854.63909287954,5691.159953817383,35550.51846960261,140096.31751629955,19846.229359527737,7699.692167034676,13817.829412283161,4294530.586063175,0.0,278081.1372973546,137984.81978105503,4606.308683686957,3.712292676923316,21.02,-4.294530586063176,-4294530.586063175
24,5.31,2.18,17456.746425471574,3579.572182635451,135838.27653273323,104690.69883044781,5569.164730104099,36640.267961321035,146900.13152187294,15582.8977586358,690.6738683670794,8686.204604237719,1765491.9363737039,0.0,290325.77507737133,143425.6435554984,4868.854756591304,172.6173615411377,25.46,-1.7654919363737038,-1765491.9363737039
25,5.7,2.08,18573.41163788629,3851.714194386622,146165.57263469722,104382.0148129037,5429.313546577172,36310.39745348857,146121.72581296944,29077.908181426486,9589.793056413944,1429.3324177776742,5784728.735066832,0.0,329525.6672677294,183403.94145475997,4902.7108032,38.16069341538459,25.98,-5.784728735066832,-5784728.735066832
26,6.05,2.12,19586.247553284284,4180.303395692307,158634.9372725041,106816.05281652318,5738.184090648205,34600.92987232152,147155.16677949292,16190.176784850364,2703.5769718997694,10860.882476230769,2430090.7700549667,0.0,313822.97533251636,166667.80855302344,4917.181248,68.56818837190643,26.48,-2.4300907700549668,-2430090.7700549667
27,6.21,2.41,20254.55721722007,4051.979977942475,153765.2961487725,105570.85574992996,5961.318488980014,35113.18863366362,146645.3628725736,13550.180397306533,1614.1793510264251,6318.431722041106,1839271.8450385807,0.0,309256.58704763796,162611.22417506436,5194.2014208,142.20378172575286,25.37,-1.8392718450385805,-1839271.8450385805
28,6.49,2.43,21254.574878351843,3942.2872866461535,149602.65732667758,108730.43283364398,5763.893484376083,34304.426268943746,148798.75258696382,13695.259375085587,3398.9408107824893,13290.766657854723,2389208.180743305,0.0,302204.84344165475,153406.09085469093,5033.3155488,254.47897489765964,23.68,-2.389208180743305,-2389208.180743305
29,6.82,2.2,22091.12416560803,4187.887820307693,158922.75244026186,105710.5229317552,6405.6144499270995,34658.5686623392,146774.7060440215,12589.676957528975,2871.184860682618,11072.420304675104,2120323.1539576827,0.0,310085.89999781986,163311.19395379836,4512.1660415999995,150.35481526153868,27.42,-2.1203231539576826,-2120323.1539576827
30,6.89,2.13,22265.0475716388,3834.4516792615386,145510.49147315873,106832.62021303737,6755.8492638160105,35019.157293632656,148607.62677048604,18807.53982187922,3193.270760744224,6259.087654432398,2838735.210411189,0.0,309859.84117183584,161252.2144013498,4387.185331199999,162.93601631036807,26.37,-2.8387352104111896,-2838735.2104111896
31,7.05,2.22,22654.84520726689,3670.379565110368,139284.25211374796,112963.317808136,6912.495966710932,34636.09143758985,154511.90521243677,19658.812470908266,2361.5787952843366,2481.8603239875447,2674354.885676128,0.0,313334.6882683898,158822.783055953,4370.3386272,178.75038732842899,26.96,-2.6743548856761277,-2674354.885676128
32,7.23,2.07,23176.053882028096,3867.085198523077,146748.8743824877,111681.42711469864,6849.887804579319,34441.76708218248,152973.08200146045,21165.96630958612,5113.1159970899225,2540.206782867402,3650531.4300855887,0.0,323460.8319077568,170487.74990629635,3968.4290687999996,181.91960640000028,26.97,-3.650531430085589,-3650531.4300855887
33,7.21,2.12,23095.47814590502,3048.997500553846,115703.92898821604,107779.19993502216,7307.814717086225,32995.00888109761,148082.023533206,14429.675403438503,0.0,9929.942498575865,1442967.5403438506,0.0,268285.6854262847,120203.66189307868,3965.8169376,249.3033518769237,21.79,-1.4429675403438502,-1442967.5403438502
34,7.37,2.05,23762.99423107425,3724.5579839999996,141340.22491489362,108649.10494879777,7909.894347552579,32997.27884153994,149556.27813789027,16187.968505348594,3531.9238683764206,2769.1236882914004,2678374.0110477856,0.0,307847.2717382175,158290.99360032723,3955.3127712,293.5652027076929,25.86,-2.6783740110477856,-2678374.0110477856
35,7.36,2.03,23700.183815566557,3379.3177203692308,128238.9826410802,109305.83774373586,7929.533467364118,32767.710565039084,150003.08177613906,17048.607565422797,1374.3686918540175,4007.630277689182,2117171.3640984846,0.0,292657.4103968069,142654.32862066783,4024.1178432,292.65201969230816,22.49,-2.1171713640984846,-2117171.3640984846
36,7.51,1.96,24052.331918705022,2543.4616962461537,96519.76147348608,114300.00672391738,8524.156211579264,32083.372775819946,154907.5357113166,9538.987204804125,0.0,3576.634375754667,953898.7204804124,0.0,257389.6500138521,102482.11430253554,4127.600332800001,373.6773083076924,16.72,-0.9538987204804124,-953898.7204804124
37,7.83,1.86,25262.793246951172,2298.5631492923076,87226.30548314238,116709.7919183677,8237.11335634511,32138.75473695297,157085.6600116658,6402.033134202336,0.0,1055.560463813792,640203.3134202338,0.0,249658.43816519674,92572.77815353093,4422.7548288,581.4163967999998,14.76,-0.6402033134202337,-640203.3134202338
38,8.36,1.76,26805.568529658867,2812.8585976615386,106742.8856135843,116894.20438616359,8752.13665806451,31710.193294999768,157356.53433922786,7367.3978150072435,756.7594026448796,5641.72940974043,963767.6022941883,0.0,266581.84776072385,109225.31342149599,4663.0491264,347.50059913846155,19.55,-0.9637676022941882,-963767.6022941882
39,8.86,1.77,28308.25845925887,2732.746138338461,103702.76298216039,110322.89665027641,9054.746042873534,31879.889942467347,151257.5326356173,4531.111829778482,0.0,6824.449249691352,453111.1829778482,0.0,252666.95819786482,101409.42556224752,4824.488995199999,376.2181661538458,17.78,-0.45311118297784814,-453111.18297784816
40,9.47,1.86,30023.783149966555,3213.5457156923076,121948.23551718493,108176.90193784745,9864.239537116413,31227.34317938806,149268.48465435192,5140.155686520322,0.0,4573.091570259089,514015.5686520322,0.0,271783.7842877981,122515.2996334462,5102.7344928,420.5677779692311,20.27,-0.5140155686520322,-514015.56865203223
41,9.96,2.07,31492.40414910502,2725.4705804307687,103426.66874615384,104422.57659378197,10529.749504988575,31504.85887353122,146457.18497230177,2544.9558674113987,0.0,3741.778490041927,254495.58674113988,0.0,248687.03109582505,102229.8461235233,5184.4157568,733.82758596923,16.73,-0.25449558674113987,-254495.58674113988
42,10.47,2.12,33217.52173950502,2480.338813292308,94124.3624725041,107996.14741250093,10636.545500075908,30752.21296938665,149384.9058819635,1052.567243674159,0.0,2715.9904589545076,105256.72436741591,0.0,241845.84513918724,92460.93925722374,4977.253008,1117.74886866622,14.78,-0.1052567243674159,-105256.7243674159
43,10.89,2.07,34596.68706554649,2484.236470153846,94272.27148608837,108368.1616263384,10773.160558117665,31590.321507513345,150731.6436919694,2443.06169133528,0.0,4415.2917173301685,244306.16913352802,0.0,243031.68515206288,92300.04146009349,4605.7824288,1088.1022515692298,15.29,-0.244306169133528,-244306.16913352802
44,11.26,2.08,35630.13077262341,2929.2273949966557,111158.87055973815,102923.50995295042,10848.061603908141,32262.107988332133,146033.67954519068,2115.3835736970364,0.0,4384.262515080312,211538.35736970365,0.0,254923.67116354554,108889.99161835486,4231.767456,775.1769430153837,17.37,-0.21153835736970364,-211538.35736970365
45,11.41,2.09,36157.49389061137,3337.713760984615,126660.18778756136,104473.43194198544,10923.442250445485,32514.580538018447,147911.4547304494,6720.0,627.2828683105835,2436.2233678652665,860184.8604931751,0.0,279482.70201845607,131571.24728800668,3744.5835956869564,571.0311740468234,19.48,-0.860184860493175,-860184.860493175
46,11.4,2.0,35993.33255126689,2668.9247862260872,101280.8583425532,104133.89710660212,11090.618849065764,32307.283140690088,147531.79909635798,4837.057422963839,0.0,832.9119565005647,483705.7422963839,0.0,252816.80290537444,105285.00380901646,3092.955509426087,606.8358336642133,15.75,-0.4837057422963839,-483705.7422963839
47,11.34,1.86,35810.527440802674,2636.3730080107025,100045.57735777413,101779.74723093813,11212.704877708187,34387.941797698426,147380.39390634475,7085.978252838541,82.25981307436159,1711.5264239431913,733275.7692061627,0.0,252882.6829060886,105502.28899974385,2342.6804673391302,249.99657176187225,16.21,-0.7332757692061627,-733275.7692061627
48,11.22,1.84,35266.838328369224,3530.4239581645484,133973.1904927987,99174.28621582552,11568.319282368751,35193.49844685015,145936.10394504442,9636.634576626753,2856.502931145376,4802.28042725128,1820614.3370062879,0.0,287600.151518364,141664.04757331955,2208.0746016,199.5473398153847,21.88,-1.8206143370062877,-1820614.3370062876
49,10.72,1.78,33744.9416319893,3038.92204045485,115321.58353873434,99338.40944907123,11291.319964265569,34924.236809625756,145553.96622296254,11046.635117792443,1428.647026134415,3369.0594020987623,1533257.6196195686,0.0,269981.77250352496,124427.80628056244,2139.165504,207.31836849230777,20.44,-1.5332576196195689,-1533257.6196195688
50,10.38,1.79,32637.866727042143,3053.365161856856,115869.67381849425,97313.17091924296,11329.20102259438,35295.99925486828,143938.37119670562,14260.85493357254,2610.6965654979203,3738.3910374333877,2209294.46300663,0.0,272941.20547683694,129002.83428013133,2021.9050656000002,227.53152886153896,19.58,-2.20929446300663,-2209294.4630066296
51,9.92,1.73,31378.875101923746,3348.0461115933117,127052.2817662848,94055.30850885547,11043.135413804714,35184.48269391482,140282.926616575,14964.091420139712,3670.161031459016,4399.267028629646,2597457.4514516764,0.0,281570.19380582887,141287.26718925388,1881.8333856,188.6660573538464,22.76,-2.5974574514516764,-2597457.4514516764
52,9.38,1.78,29723.996318576592,3151.3524103384616,119588.11230130933,92467.96306251167,11350.593319777001,36432.24441620002,140250.8007984887,17461.606117831558,4679.741955610255,3450.9560050669706,3150083.1984662325,0.0,278529.30516817287,138278.50436968417,1724.9730624000001,73.19917661538464,20.01,-3.1500831984662323,-3150083.1984662325
53,8.93,1.93,28224.417794022746,3151.4132159999995,119590.41976595744,92077.1464552851,11269.442481945203,36251.92264326596,139598.51158049627,15751.281522775222,4316.942341849612,5985.893741362641,2870210.854832405,0.0,273271.2614697159,133672.74988921965,1862.2849348173913,108.4303078314387,19.94,-2.870210854832406,-2870210.8548324057
54,8.46,1.91,26826.8592050087,3795.687876858863,144039.4754294599,90611.44799048475,11377.655082999983,36257.837276160855,138246.94034964562,17355.540028634103,8489.71623822316,9344.653341535211,4282468.874330359,0.0,298787.0187044276,160540.07835478196,1759.0589856,50.86442436923098,25.43,-4.282468874330359,-4282468.874330359
55,7.79,1.95,24739.365889380606,4265.516315654849,161868.61314086194,88359.82409203946,11416.239695997296,35889.021960530175,135665.08574856693,24102.097448775152,21023.738902472825,5150.79781173841,8717331.415619362,0.0,337508.73742893845,201843.65168037155,1703.4760512,0.0,27.06,-8.717331415619363,-8717331.415619362
56,6.96,2.0,22177.32562492576,3183.284327470234,120799.87068143299,86433.12223115127,11103.806498983271,36190.64757729516,133727.57630742973,30197.084129868937,19725.165096066517,4098.986547896787,8937257.94180685,0.0,300350.7096669014,166623.13335947166,1850.32512,9.285447876923064,22.32,-8.93725794180685,-8937257.941806851
57,6.47,1.93,20835.0809695786,3341.068800995318,126787.50547512274,83446.21612304743,11016.43924945665,36716.177360995935,131178.8327335,27984.494083415015,5950.024650740745,6897.971176455658,4583456.803563725,0.0,285002.88576632284,153824.05303282285,1881.44208,9.753376984615388,25.98,-4.583456803563725,-4583456.803563725
58,5.98,1.9,19365.70087159867,3679.2741222421405,139621.784435952,86948.75525617333,11243.952255964494,36381.77820882268,134574.4857209605,28591.52730926459,18938.372767205616,4768.799739809166,8540664.561088143,0.0,316957.37049357354,182382.88477261306,1943.923968,6.2671702153846125,28.58,-8.540664561088143,-8540664.561088143
59,5.44,1.85,17624.083547141145,2815.160001230769,106830.21970785597,86270.37463503586,11112.640300029936,36456.29165863506,133839.30659370084,26506.924896205965,6688.61093912847,8354.438334711826,4657275.771359137,0.0,265510.6238021794,131671.31720847858,1765.2672576,21.556700307692445,20.93,-4.657275771359138,-4657275.771359138
60,5.1,1.89,16552.634103202683,3144.6107373591976,119332.2780306965,85204.61999868434,10813.929831108317,36624.74911774642,132643.29894753906,28692.21526596426,10067.012944746464,8762.063422173122,5889325.410020365,0.0,281972.74176677316,149329.4428192341,2021.2966368,18.73056295384624,24.13,-5.889325410020365,-5889325.410020364
61,4.65,1.82,15410.58943968964,2998.08424946087,113771.86338699766,88086.69888007017,10519.022792061409,36456.39532520748,135062.11699733906,28225.096017936892,8126.2823699750215,5735.546961735889,5260394.312786195,0.0,279449.81181051274,144387.69481317367,1921.3522272,14.700408369230791,24.04,-5.260394312786195,-5260394.3127861945
62,4.29,1.79,14319.15700905954,2713.2162199224085,102961.63797528642,89008.3641081742,10162.96838403011,34108.82822734285,133280.1607195472,30388.881084727058,6330.463614554082,9700.132136266511,4938027.1928389305,0.0,263261.01125784824,129980.85053830106,1718.7230591999999,0.0,19.3,-4.93802719283893,-4938027.19283893
63,4.02,1.81,13324.663848337133,2475.0699860869568,93924.42002955083,89463.04536756715,9972.615210240887,33820.55439699758,133256.2149748056,35491.2770426104,4969.237549171707,8348.496915324564,5039898.969012553,0.0,259292.65268081398,126036.43770600838,1863.7994592,0.0,20.91,-5.039898969012552,-5039898.969012552
64,3.75,1.77,12713.393321450176,2281.399995323077,86574.99489738134,94891.81835942432,9563.104142878781,33635.805140418444,138090.72764272155,29761.526118172118,1768.6284263547766,7441.713075274551,3506741.139723644,0.0,248754.16400935524,110663.43636663369,2065.0212576,0.0,19.48,-3.5067411397236445,-3506741.1397236446
65,3.68,1.81,12497.014583727097,2614.2370857953183,99205.55922996909,94289.04168629115,9295.735461339134,35191.04599428708,138775.82314191735,34385.60019474008,9135.720630795235,11073.680006555298,6179276.208712578,0.0,270429.02319086646,131653.2000489491,2230.4739744,0.0,17.21,-6.179276208712578,-6179276.208712578
66,3.62,1.84,12113.251472331782,2368.9464701538463,89897.2249435352,92626.97625037367,8700.199318007642,35498.240488386815,136825.41605676812,35305.12345902588,3077.4576124007535,5201.547292133391,4453749.629622814,0.0,259903.67477959656,123078.25872282844,2878.8171552,38.40466043076936,23.91,-4.4537496296228145,-4453749.629622814
67,3.78,1.83,12584.717496947163,2329.9511229110376,88417.4221928169,94836.57389358795,7972.95051741626,35494.42107808353,138303.94548908772,35393.50949332437,4871.839774693548,7004.200609192876,5000902.881740501,0.0,259982.51634072966,121678.57085164193,3386.3483808,65.3559906461538,20.13,-5.000902881740501,-5000902.881740501
68,4.13,1.86,13575.758764189974,2392.9788029538463,90809.2084158756,93489.92244418705,7886.580423981958,30304.0610313741,131680.5638995431,35990.43242145285,8137.5348780498525,4025.5676006861336,6040303.705560241,0.0,262592.1720142353,130911.60811469218,3558.9347135999997,102.46517731103792,17.39,-6.040303705560241,-6040303.705560241
69,4.43,1.89,14639.249497525088,2437.0709037270904,92482.42372545919,99055.78688356072,7202.4720605141165,23179.4313984164,129437.69034249125,36132.32578760297,6429.049182503423,6228.230938180789,5541947.333511324,0.0,258253.258099876,128815.56775738478,3691.9331787130436,143.71713526153857,17.37,-5.541947333511324,-5541947.333511324
70,4.77,1.97,15750.394637249503,2671.0043477939803,101359.77393495181,100802.10191017616,6848.619997839734,24103.36180696789,131754.08371498378,32885.82786266568,11593.785482744253,5416.793199361858,6766718.431089845,0.0,272176.6777959837,140422.5940809999,3932.6890176,224.3395459103689,20.0,-6.766718431089844,-6766718.431089844
71,5.16,1.94,16787.739761145156,2598.423666911037,98605.4686443535,101712.86540940804,6592.239287264835,35807.85017270486,144112.95486937772,30542.995803047666,9034.784832503388,9202.336192116876,5764735.030055783,0.0,273093.8679571654,128980.91308778769,3604.8360358956525,171.31769501538497,16.31,-5.764735030055784,-5764735.030055784
72,5.34,1.9,17622.83443511439,2874.308153257526,109074.78487415897,98902.87783107659,6313.888817388342,37372.87064236574,142589.63729083067,31391.447759105846,5772.691123802773,5413.018712389696,4870952.113051417,0.0,283415.54233550857,140825.9050446779,3885.766898086956,299.9443845672247,24.03,-4.870952113051417,-4870952.113051417
73,5.64,1.91,18334.348795376594,3015.7635021270903,114442.75898290599,94681.16623634899,6226.619440106171,37637.072097554694,138544.85777400984,33767.23550951142,13331.882963127284,4399.503903676819,7376288.439889328,0.0,295687.2313258777,157142.37355186787,3880.1839104,274.7738828949839,22.06,-7.376288439889327,-7376288.439889328
74,5.78,1.87,18923.99532075452,3190.502882215385,121073.8017507365,98082.60288412376,6146.379053501961,37262.135195270515,141491.11713289624,29821.633813779565,8299.94600374906,4980.871011019222,5472147.182502674,0.0,295705.62769014214,154214.5105572459,3689.9851968000003,267.88559926153874,23.83,-5.472147182502674,-5472147.182502674
75,5.87,1.91,19155.592036077596,3374.747805046154,128065.56263731587,97729.08333357955,6210.47218626575,37412.81097847418,141352.3664983195,23001.932764992882,5645.898647644273,7666.169922389095,3993962.87079257,0.0,290399.59062588343,149047.22412756394,4061.652625252174,164.25962818996697,26.66,-3.99396287079257,-3993962.87079257
76,6.02,1.78,19678.23722809365,3365.5776413538465,127717.57154566287,103119.13665103159,6069.428513861314,38417.16864588663,147605.73381077952,21558.201586772964,2876.8892269518624,7775.404191526428,3018886.926762855,0.0,291982.9919786408,144377.25816786126,4171.12318706087,211.8417726180608,25.42,-3.0188869267628546,-3018886.9267628547
77,6.19,1.96,20271.94100118261,3367.030799775251,127772.71627397709,105982.73087603849,5646.612610231015,38066.60193105314,149695.94541732263,25644.353791946432,5350.209240539826,4024.5801121328022,4169498.1513565914,0.0,304438.6446116532,154742.69919433055,4693.0859136,159.15577181538487,25.98,-4.169498151356591,-4169498.1513565914
78,6.63,1.81,21438.840343191976,4166.217371076923,158100.3981685761,108538.97196199423,6193.824760524929,38806.90781559161,153539.70453811076,23977.83942602934,11524.60019586483,2828.4641478360154,5855164.001362382,0.0,344314.078180745,190774.37364263425,4387.2391584,84.9304356923078,25.13,-5.855164001362382,-5855164.0013623815
79,6.69,2.07,21574.93169482275,4234.670435317726,160698.06788870704,108987.32106684642,6290.190766913083,38443.79195921555,153721.30379297506,18799.98900348803,4174.709737541467,9053.292527535388,3132411.821611243,0.0,328340.7778951762,174619.47410220111,4617.626227199999,101.306170402676,28.15,-3.132411821611243,-3132411.821611243
80,6.73,2.03,21856.58131630235,4252.874603815385,161388.88308903438,105242.78086242783,6685.458508578523,39103.49393240264,151031.73330340898,13354.34329284128,2017.83375939285,13443.76459859212,1940784.457101983,0.0,314349.02884608536,163317.29554267638,4253.776128,95.50331667692313,28.29,-1.940784457101983,-1940784.457101983
81,6.68,2.03,21761.97952381004,4071.051811938461,154489.0376821604,106962.96958925872,6647.31737238033,38585.94822061793,152196.235182257,18531.244268884682,3331.0134136748575,5631.052057758571,2852428.4509909255,0.0,322916.47848921834,170720.24330696135,4076.3846592,132.13673434113792,27.21,-2.8524284509909257,-2852428.4509909255
82,6.66,1.98,21635.17563673044,4031.422500794649,152985.17715042733,109441.80592289293,7023.564686972331,38278.57388971208,154743.94449957734,17718.24818229451,2407.693077781354,3315.762287539262,2494132.741563857,0.0,324539.3006225413,169795.35612296395,4022.4473855999995,199.02944492307716,26.99,-2.494132741563857,-2494132.741563857
83,6.6,2.05,21427.171076612714,3679.4628864000006,139628.94769361702,113120.30797449667,6989.011034042092,38268.33307111529,158377.65207965404,21046.166170316697,7834.805958800329,2578.225833151394,4455058.404671768,0.0,324309.3460692367,165931.69398958265,4132.7925408,90.7661324307695,23.57,-4.455058404671767,-4455058.404671768
84,6.69,2.09,21789.73459858195,4056.4999863973244,153936.82227734133,114861.06485674516,7118.774618768,38169.509841505685,160149.34931701884,20721.809401797535,1851.9044490952683,8815.809385215318,2627752.274908334,0.0,327844.07606003765,167694.7267430188,4004.6801760000003,103.7542308923079,26.19,-2.627752274908334,-2627752.274908334
85,6.7,1.97,21634.160557292314,4116.3176027076925,156206.79239983633,108814.0523399188,7705.7102233774585,37683.6946294219,154203.45719271817,20412.775681884956,9552.858340331444,2231.1575926931737,4907135.070287929,0.0,338144.7260220777,183941.26882935956,3661.4966976,63.76597144615393,27.67,-4.907135070287929,-4907135.070287929
86,6.54,1.85,21115.57368073847,3382.539380741137,128361.23881309328,107203.76023211186,8001.380225167575,37474.076294960505,152679.21675223997,13826.17580303316,896.5942095798049,9375.35638771852,1651595.8431772576,0.0,286387.8691902277,133708.65243798774,3502.6846848,92.38171126153865,24.03,-1.6515958431772575,-1651595.8431772576
87,6.49,1.86,21143.337273535795,3517.2918144,133474.84943829788,112030.51419189484,8130.02420678211,36893.56343253513,157054.10183121206,23765.868447847286,8937.54143727674,970.2676228211867,5057849.275967751,0.0,322262.0935318128,165207.99170060072,3649.4847648,49.04518596923088,21.88,-5.057849275967752,-5057849.275967752
88,6.51,1.68,21226.485037966566,3548.1969083076924,134647.6417381342,110973.89708092282,8777.884254768369,35502.399382622796,155254.180718314,19100.034769558053,2327.8311813874957,4519.226831651404,2608352.831372054,0.0,306810.46157574235,151556.28085742836,3573.5708736,0.0,24.82,-2.608352831372054,-2608352.831372054
89,6.62,1.81,21251.859003258873,2823.4411554461544,107144.47450114567,113773.15843514315,8886.893265367251,35378.65160160347,158038.7033021139,12128.359157357083,0.0,6376.613752478675,1212835.9157357085,0.0,270934.923208138,112896.21990602408,4321.3129344,51.147796430769375,21.09,-1.2128359157357085,-1212835.9157357085
90,6.98,1.9,22698.582985781948,2682.869305846154,101810.0275883797,112577.72360963479,9004.506799795894,35723.90719650016,157306.13760593085,6087.635496770455,0.0,2133.3232059712464,608763.5496770453,0.0,263070.47748510976,105764.33987917891,4829.2263936,252.20287988227494,18.19,-0.6087635496770454,-608763.5496770454
91,7.69,1.92,24592.73719365352,3104.703395446154,117817.86673518823,118186.25924482192,9254.235725440987,35121.69811973758,162562.19309000048,5316.570791474409,0.0,5411.09825813908,531657.0791474408,0.0,280285.53235852404,117723.33926852356,5060.8037088,343.4242472026757,19.65,-0.5316570791474409,-531657.0791474408
92,8.22,1.82,26205.413259804693,3105.0623675076927,117831.48907430444,108336.85170387033,9678.460335603726,34639.51528125604,152654.82732073008,4741.086754305065,0.0,9096.55906624624,474108.6754305065,0.0,266130.84408309334,113476.01676236326,4914.9852192,367.0456232026756,20.45,-0.4741086754305065,-474108.6754305065
93,8.69,1.72,27648.290488294322,3299.6647694769226,125216.29752176758,108663.71511870055,10409.765215760042,35326.79863828945,154400.27897275003,9606.821545678757,514.3539160831492,4160.636819704277,1114988.3293928204,0.0,285577.11513657524,131176.8361638252,4464.2259648,312.92500873846177,20.0,-1.1149883293928204,-1114988.3293928204
94,8.91,1.72,28499.926674878938,3055.5614880000003,115953.02041489363,108878.7002933889,10653.755954974824,34749.295254014454,154281.75150237817,1864.720412520408,0.0,10017.162410884597,186472.0412520408,0.0,262082.3299189076,107800.57841652943,4065.1704576,299.19994781538566,18.76,-0.18647204125204075,-186472.04125204074
95,9.16,1.71,29210.335696663547,2484.723520246154,94290.75415433716,116250.07695795101,10576.488115249767,35246.9738075989,162073.53888079966,5527.9869585409715,0.0,6769.031870786326,552798.6958540971,0.0,255123.2481228915,93049.7092420918,3731.5168128,478.6465735384612,15.97,-0.5527986958540971,-552798.6958540971
96,9.44,1.77,29978.482415678933,2718.654822228762,103168.02307561375,106513.71437981547,11154.249494448277,35553.02222150454,153220.98609576828,4700.737659331066,0.0,4760.2228224852015,470073.7659331067,0.0,256329.5240082279,103108.53791245962,3580.1057376,368.08658363076904,18.15,-0.4700737659331067,-470073.76593310665
97,9.58,1.75,30471.8467474194,2937.3368123076925,111466.60824877252,106515.75880933751,11039.051060056594,36267.008777237854,153821.81864663196,7584.1203565552,0.0,4446.099713874687,758412.0356555198,0.0,268426.447538085,114604.62889145303,2970.396917843478,239.33993735919677,17.96,-0.75841203565552,-758412.0356555199
98,9.49,1.76,30265.566915595988,3401.2281275397995,129070.4428816694,103487.80980180854,11612.816086167502,37251.683659920534,152352.30954789658,15024.966707761538,1445.1524021945377,4484.161330390821,1936042.391434515,0.0,293408.71020913124,141056.40066123466,2699.2148794434784,256.80507666622077,20.79,-1.9360423914345148,-1936042.391434515
99,9.28,1.76,29306.748590833446,2761.325404061539,104787.29431783962,100144.0197643246,11872.972732120117,36983.33958702817,149000.3320834729,13140.166111930343,1893.0829178165632,2537.60432977529,1881941.4865380034,0.0,266283.27110128413,117282.93901781124,2202.0425630608697,122.66555825016701,17.01,-1.8819414865380033,-1881941.4865380032
100,9.01,1.79,28624.800191582613,2886.811318667559,109549.25734009821,98076.95771169946,11982.5196224322,38137.33284859195,148196.8101827236,10066.345553915067,793.0968697229988,2255.2235182124728,1244563.6163084065,0.0,266350.2864282474,118153.47624552381,2087.5222368,80.11092406153824,19.15,-1.2445636163084064,-1244563.6163084065
101,8.74,1.88,27745.40018565351,3480.820774410702,132090.83957266776,97987.09121736782,11979.563201491146,38966.081898228746,148932.73631708772,18969.861766557948,7040.811992596166,5368.199937103945,4009229.7744346447,0.0,301666.04971180565,152733.31339471793,2279.2287168000003,102.48782621538463,22.73,-4.009229774434645,-4009229.7744346447
102,8.3,1.92,26441.320301827425,3080.232256984615,116889.23138330606,99944.31313367106,11615.445795526226,38779.85748720626,150339.61641640356,17437.04557022164,3565.908222969186,4487.752752669763,2813477.0239129197,0.0,283744.0488402307,133404.43242382712,2062.9056672,59.659332923076946,19.21,-2.81347702391292,-2813477.0239129197
